"","V1","V2","V3","V4","V5","V6","V7","V8","V9"
"1",-1.21749208836822,0.744879547612752,10,1.70483472167609,-0.229179129116738,0.772929875320177,-1.9145686704025,1.92173914744564,0.913175709088752
"2",-1.22490537372923,0.744133296127358,10,1.69971398290809,-0.364411571474477,0.767518870561447,-8.03134887199971,3.92742940977037,0.913038918251878
"3",1.15810007315609,0.01,7.18064411641207,7.46498088868526,-2,0.251090825989995,-2.82313350948148,7.4433458101527,0.960949950394373
"4",-1.22331698306952,0.744278937363929,10,1.70077433676954,-0.355693567249087,0.768107455430699,-6.66118649644132,3.6954914878253,0.913049355649265
"5",1.61057797726244,0.894591604429297,9.02654229866178,9.12380044884048,1.61057797726244,0.894591604429297,-0.982581501787063,9.12380044884048,0.886163230986481
"6",-1.22079157007707,0.744527154178769,10,1.70249443997284,-0.33184723537795,0.769406402839456,-4.41952081140299,3.16766354465748,0.913079802820443
"7",-1.22343040691618,0.744313508547634,10,1.70077306334737,-0.331001913895967,0.769315475561945,-4.35467625245978,3.1473763772827,0.913076941413942
"8",-1.22564203826234,0.744083530273653,10,1.69925578343706,-0.361016314547136,0.767753045490036,-7.44611062907102,3.8340535207486,0.913048376170379
"9",-1.23519738436009,0.743357322615772,10,1.6931411464666,-0.348134902928493,0.768223061857099,-5.70718800630513,3.49830918931906,0.913069329381817
"10",1.55299183074385,0.880482998532243,8.88259132890194,8.99423161917366,1.55299183074385,0.880482998532243,-1.12640290271724,8.99423161917366,0.872029558765485
"11",-1.22331056801031,0.744271303062628,10,1.70076659292388,-0.358399105290697,0.767947971772224,-7.04536849875056,3.76561021381,0.91304592358175
"12",1.46774536844884,0.01,7.71491285452401,7.94381181799011,-2,0.176790824285463,-2.29433290001815,7.9410050246712,0.942025151238473
"13",1.67041032016277,0.909250528439879,9.17610819782689,9.25842322036624,1.67041032016277,0.909250528439879,-0.833150225393474,9.25842322036624,0.900848199054185
"14",-1.22221684648001,0.744299517222931,10,1.70140058761151,-0.364154611167036,0.767647117597901,-8.01686135782197,3.9259246718986,0.913031678295935
"15",1.23242272529751,0.80194356769789,8.08124870756245,8.2729511319194,1.23242272529751,0.80194356769789,-1.92702424356947,8.2729511319194,0.793350589352349
"16",1.41141982802289,0.01,7.59430171390075,7.84104323771321,-2,0.166098081453501,-2.42473002298226,7.8150674264172,0.940479817842731
"17",1.51019898056984,0.869998750239611,8.77561990167946,8.89794770628214,1.51019898056984,0.869998750239611,-1.23327804602683,8.89794770628214,0.861526683433023
"18",-1.21388711109395,0.745126437179082,10,1.70706851062245,-0.305243287575968,0.770484813280325,-3.19236110186676,2.72135811068589,0.913102546476035
"19",1.41807105671614,0.847427408895455,8.54532312402618,8.69065987761132,1.41807105671614,0.847427408895455,-1.46336753585143,8.69065987761132,0.838915240284476
"20",-1.22431633769724,0.74417042424551,10,1.70008406480633,-0.366095601886781,0.76744856167778,-8.36693744952309,3.97787104174471,0.913036249476793
"21",-1.22427482682942,0.744167621709045,10,1.70009948867469,-0.36782509121142,0.767329341407651,-8.72049299040958,4.02846572309654,0.913032152962479
"22",-1.22468560800357,0.744172628388649,10,1.69988575049635,-0.357850089143129,0.767897284211539,-6.95227427875982,3.74830232598421,0.913045723868497
"23",1.08883098496358,0.0119680754058058,7.05502787262232,6.86164957742196,-2,0.266876684295235,-2.51383892911309,7.93100527518571,0.964547622061285
"24",1.18707031290978,0.790832226662897,7.96787901469623,8.17090820404701,1.18707031290978,0.790832226662897,-2.04029189350782,8.17090820404701,0.782219507141237
"25",-1.22319992326755,0.74430284087751,10,1.70087632684374,-0.347329151612101,0.768572274188717,-5.67202394323539,3.49210911671047,0.913060783972544
"26",-1.22482368804757,0.744125259884173,10,1.69974553689439,-0.366821699182561,0.767391689594702,-8.5090203564315,3.99849215213933,0.913033308630996
"27",-1.22451626915537,0.744159709264275,10,1.69995439030893,-0.363288647712951,0.767538062030364,-7.81834512073103,3.89395930168953,0.913032859805826
"28",-1.22192875018079,0.744447745186575,10,1.70176993699271,-0.331158123051684,0.7694957446357,-4.38101947111818,3.1562802198231,0.913083399938376
"29",1.38422761770746,0.01,7.57222933583884,7.85774204676248,-2,0.198190962567343,-2.43832633871092,7.8269137777349,0.947596464521563
"30",-1.22122823004198,0.744412643993572,10,1.70209270983448,-0.35686609552139,0.768108625958314,-6.8368634014034,3.72857324294134,0.913045250226306
"31",-1.22331378899085,0.744301115290335,10,1.70081559040458,-0.345094328774762,0.768697571721182,-5.45373197284557,3.44174655426613,0.91306494136703
"32",-1.22129438627767,0.744493221544458,10,1.70218038359217,-0.322112756856134,0.769867948911521,-3.87047426143354,2.98985620636279,0.913087537083369
"33",-1.2233941787309,0.744280633840973,10,1.70073992613993,-0.351866848031983,0.768339863251606,-6.17663091707124,3.60047596143713,0.913056959214308
"34",1.87389927357435,0.959105322025716,9.68477970911749,9.71627336554229,1.87389927357435,0.959105322025716,-0.324936564248055,9.71627336554229,0.950791568110566
"35",1.72781120333821,0.92331374481786,9.31959605554468,9.38757520751096,1.72781120333821,0.92331374481786,-0.689791519662831,9.38757520751096,0.914936401113952
"36",-1.22417204387418,0.74420083282922,10,1.70020570484821,-0.358518642552659,0.767902920700062,-7.05358534397403,3.76688636360983,0.913046093248083
"37",-1.22297497315265,0.744342939563684,10,1.70106413163005,-0.336346871203593,0.769145986097162,-4.72266067232834,3.2549755428759,0.913078119442526
"38",-1.22092786573255,0.74454282501371,10,1.70245978681687,-0.30401337412202,0.770508852261561,-3.14692523880431,2.7015153692774,0.913106473154734
"39",1.64330070465803,0.902608672641218,9.10834093646891,9.19742658548057,1.64330070465803,0.902608672641218,-0.900856490116566,9.19742658548057,0.894194542875653
"40",-1.22203447409454,0.744334535806483,10,1.70155098823273,-0.367150219717487,0.767321345839206,-8.55838775958181,4.00525143845323,0.91304008598951
"41",-1.22717839407267,0.743999922778884,10,1.69831785335492,-0.34296646679988,0.768769295644322,-5.24989666909954,3.39264009237875,0.913066466864417
"42",-1.19827341583695,0.746435461644534,10,1.71728678519071,-0.22317865362487,0.775155818213333,-1.86259564585567,1.89179007171005,0.913031182047238
"43",-1.22296514138013,0.744297752287616,10,1.70098587387798,-0.35939089023451,0.767917020042549,-7.20275968048778,3.79326736062794,0.913044792976866
"44",-1.25827990292339,0.741770486539618,10,1.67873435145794,-0.317786136445675,0.769422152439354,-3.64434926015461,2.9022432651023,0.913147880620009
"45",-1.22308865674794,0.744321986716483,10,1.70095946927299,-0.346408537541789,0.768681612454737,-5.58838737265313,3.47341493227006,0.91306101564109
"46",-1.21148224913111,0.745346215009009,10,1.70873526150307,-0.261785256403757,0.772010663282027,-2.25994573022116,2.20235447238905,0.913161722884699
"47",-1.2247582434065,0.744119579102936,10,1.699769909806,-0.371231758896846,0.767100937903221,-9.49733193014681,4.13223517204372,0.913025708289077
"48",-1.2252988081456,0.744075103030509,10,1.69941668528316,-0.370956918553298,0.767055202066313,-9.40620879084796,4.12018383102645,0.91302506992134
"49",-1.2230138581919,0.744280493439331,10,1.70093387355482,-0.362694169799029,0.76765296561757,-7.73200524070771,3.88076269138702,0.913036187278071
"50",-1.22268692690702,0.744306473862502,10,1.70114340079351,-0.360066843642817,0.767719057921237,-7.27594803629499,3.80488961606199,0.913034361728002
"51",-1.22349775965428,0.744286165270642,10,1.70069110654235,-0.347671188553794,0.768544601664057,-5.70727898549847,3.49989681487,0.91306021950752
"52",1.82993822544813,0.948334865234792,9.57488807906397,9.6173610072583,1.82993822544813,0.948334865234792,-0.434729281943291,9.6173610072583,0.940001975782021
"53",1.89934708178043,0.965340035036206,9.74839286768064,9.77353093400598,1.89934708178043,0.965340035036206,-0.261380663253367,9.77353093400598,0.957037358142921
"54",-1.22625049927767,0.7440548130085,10,1.69888038767447,-0.357676641630571,0.767930958010735,-6.92522148505026,3.74382786717292,0.913047819944065
"55",-1.21137491967663,0.74538449880945,10,1.70896997478192,-0.0114232949262703,0.776044467501091,-1.36571653558315,1.02376874407627,0.913288430628559
"56",-1.22479182313858,0.744146234798176,10,1.69979787889761,-0.3604032889668,0.767793191051036,-7.3461243036487,3.81741212468994,0.913045346405857
"57",1.31678825844367,0.01,7.46532064287184,7.74108281835254,-2,0.217923564244473,-2.51236248393447,7.71328435604408,0.952511630562922
"58",-1.22321915708389,0.74428418965043,10,1.70082710704379,-0.358797669754621,0.767919246791732,-7.1055216673852,3.77616926226029,0.913041687865842
"59",1.05201981668818,0.0100032688804626,6.89405543656372,7.20186435525464,-1.99958333597496,0.272022789608472,-3.48706035786957,5.86723056980651,0.966090911469967
"60",-1.22681605195725,0.743967983945273,10,1.69845507879375,-0.371857292509571,0.767005562570118,-9.62801591665655,4.14845726668764,0.913030990252432
"61",-1.22363879822558,0.744242586329102,10,1.70054797960754,-0.359504088813374,0.767843057043161,-7.20558228019701,3.793358518058,0.913043038881535
"62",1.22427982836962,0.799948557950556,8.06089350096695,8.25462961383164,1.22427982836962,0.799948557950556,-1.94736112864688,8.25462961383164,0.791352035132872
"63",1.76216556038707,0.931730562294833,9.40547335957759,9.46487251087092,1.76216556038707,0.931730562294833,-0.60399151293328,9.46487251087092,0.923368172490337
"64",-1.22494654257212,0.744132145567199,10,1.69969437386653,-0.361203007594263,0.767711472854962,-7.468734144763,3.83772417630195,0.913043488456418
"65",1.83656526450068,0.949958489802666,9.59145401993557,9.63227184512652,1.83656526450068,0.949958489802666,-0.418178251909558,9.63227184512652,0.941628484993472
"66",-1.22599219452544,0.744062517443376,10,1.69903753416845,-0.357458690895803,0.767904830597875,-6.88615575137756,3.73648128715365,0.913050085012552
"67",1.31734796054661,0.82275025033392,8.29354056437639,8.46403291122988,1.31734796054661,0.82275025033392,-1.71492346853483,8.46403291122988,0.814194238578198
"68",1.31832746043801,0.822990227807313,8.29598906922992,8.46623678598553,1.31832746043801,0.822990227807313,-1.71247716755606,8.46623678598553,0.814434642412149
"69",-1.21790032234804,0.74474297168848,10,1.70435875631548,-0.321118811608731,0.770125417623878,-3.8338660919374,2.9783164927908,0.913081792831113
"70",-1.22429171492345,0.744183487787477,10,1.7001139582619,-0.362465488921401,0.767666252367829,-7.69133642466159,3.87422226715847,0.913039832201146
"71",1.61179055646062,0.894888686332852,9.02957344351243,9.12652875203639,1.61179055646062,0.894888686332852,-0.979553085239604,9.12652875203639,0.88646084070627
"72",-1.22647827520553,0.744006670901305,10,1.69870151674715,-0.361957632550081,0.767555342633712,-7.5666754450018,3.85315286086165,0.913046826843942
"73",1.40126224822158,0.01,7.61189888743469,7.84229975841527,-2,0.194567340548692,-2.36538297931301,7.84594461224878,0.946642922513469
"74",1.41109452165554,0.0100011963111086,5.99196028244517,2.518547929562,-1.99687323739459,0.01,-0.01,1.16085050730522,0.896907411061477
"75",-1.22335604377127,0.744273573782348,10,1.70074273307068,-0.357445129659438,0.768030384218634,-6.91154909923519,3.74182864006813,0.913045825499799
"76",-1.22599263002851,0.744053548876735,10,1.69901755549244,-0.365987081684229,0.767427221384103,-8.3359257684523,3.97313561215528,0.913039495165658
"77",-1.21457147145149,0.7450642563056,10,1.70660788214664,-0.300711767899134,0.77085115771256,-3.05145104351397,2.65898559553925,0.913099575860101
"78",1.30809797895843,0.313379212686825,4.03169627506184,9.90899280314875,-0.369744447508176,0.783629621455947,-5.5744472739521,4.21872666897903,0.898638223161229
"79",-1.22138124838528,0.744440226523068,10,1.7020541549878,-0.35509293929207,0.768071181003006,-6.56852469835961,3.67726838290153,0.913061888152485
"80",-1.22234494270413,0.744373283121674,10,1.70143360675865,-0.348690355173896,0.768541775388182,-5.82346498807964,3.52584064933039,0.913059647890435
"81",1.8899038676023,0.01,5.19948922491892,9.00607711682281,-0.373819999264313,0.782134613913396,-6.12182428894737,4.33606679526628,0.898112682946609
"82",1.47752825859152,0.0100386567084888,7.70997090656588,7.83464375636802,-2,0.173707300848714,-2.332632815756,7.93947980773841,0.941231366652309
"83",-1.22508093944545,0.744085442953809,10,1.69955699603687,-0.37157622661383,0.767021097295714,-9.55403103938415,4.1391850688593,0.913030549043485
"84",-1.22272182479656,0.744341509735805,10,1.7011877344145,-0.348076577296038,0.768483002051972,-5.74514901268913,3.50802227150567,0.913060231935389
"85",-1.2234720470206,0.74426327205734,10,1.70066621915485,-0.358327851019505,0.767975743104903,-7.04014249183759,3.76482391838652,0.913045346144966
"86",-1.22451677982866,0.744160992021471,10,1.69996230187818,-0.36377433232735,0.76757217864869,-7.91889955639467,3.91014156076292,0.913038449896424
"87",-1.22462921544558,0.744145710692715,10,1.69988216596615,-0.365141830575125,0.767471491888141,-8.16847221045424,3.94823487429904,0.913037876565782
"88",-1.22219822857516,0.74440473672989,10,1.70155910819707,-0.33884060541003,0.769077119924069,-4.91830560306494,3.30837421839325,0.91307019494568
"89",-1.22048574696656,0.744542817708214,10,1.70268809175861,-0.325047180262356,0.769816741026694,-4.02389594117352,3.04318243336206,0.913084704840951
"90",-1.2240758751303,0.744185125360999,10,1.70023704910824,-0.363673751191468,0.767553860462836,-7.89347128296198,3.90604558792517,0.913038924497397
"91",-1.21681485962166,0.744829744502886,10,1.70507906993442,-0.307266024088457,0.770829304942171,-3.27079458096577,2.75903717844663,0.91309312569462
"92",-1.22287507340061,0.744374766095273,10,1.70116074265695,-0.328910934607059,0.769408547810475,-4.22782516281473,3.10784776293674,0.913085254238025
"93",-1.48491557579176,0.72770873676586,10,1.54852943402682,-0.364600160516115,0.760960312866343,-6.5038171983393,3.62647022451937,0.913311320431844
"94",1.44516964256763,0.85406656242907,8.61306281400844,8.75163169577718,1.44516964256763,0.85406656242907,-1.39568881768733,8.75163169577718,0.84556618939693
"95",-1.22427287725719,0.74416550021017,10,1.70009930083713,-0.365526827437257,0.767484124627676,-8.25496204355081,3.96139152420119,0.913033714953232
"96",-1.21683866837072,0.744926633252636,10,1.705272373648,-0.217681269283212,0.77314402658131,-1.83043101365483,1.83830107181381,0.913190972982572
"97",-1.1349209531431,0.753940962764699,9.73490729784203,1.73681736706099,-0.367388514292574,0.77092233563613,-10,4.21838245155145,0.912803540685168
"98",1.17964665591717,0.789013430699706,7.94932172812894,8.15420497581363,1.17964665591717,0.789013430699706,-2.05883247684687,8.15420497581363,0.780397479779485
"99",-1.22162104364696,0.744461300802417,10,1.7019499774791,-0.322128867476977,0.769770679478053,-3.86490561310973,2.98751364344132,0.913077190758772
"100",1.48259130865335,0.863234870620072,8.70660762380622,8.83583044447005,1.48259130865335,0.863234870620072,-1.30222820663825,8.83583044447005,0.854750786637664
"101",-1.21030562751334,0.745471734427805,10,1.70962528558469,-0.197837831302201,0.773319121728058,-1.71600022163009,1.70902070133505,0.913238820551223
"102",-1.22193821580587,0.744431602544454,10,1.70173409573618,-0.338488864731093,0.769083914073529,-4.88931497010725,3.30063070121344,0.913069812279282
"103",-1.22004156844162,0.744587228607147,10,1.70297819976223,-0.332575631195104,0.769376846733026,-4.46710861966317,3.18193184793292,0.913075899067773
"104",-1.22488652061997,0.744109079923487,10,1.69969061781661,-0.370450440477279,0.767164264506108,-9.31342866933843,4.10854422765225,0.91302975933609
"105",-1.66560254741437,0.718533989900573,9.99993216473693,1.45766402352514,-0.391025875075563,0.755282729575572,-10,4.13596297084233,0.913373288365473
"106",-1.68712371387763,0.726992378510038,9.36002514465341,1.3915309617734,-0.37773257743432,0.760333483851157,-8.51284903275651,3.96624024178946,0.913203125561873
"107",-1.22078744814468,0.744435726957776,10,1.70233841138312,-0.372841163089909,0.767141585238248,-9.97387250638167,4.19223063506231,0.913018088617507
"108",1.93541894573718,0.97417764170561,9.83856350960652,9.85469262790866,1.93541894573718,0.97417764170561,-0.171291183021385,9.85469262790866,0.965890666314887
"109",1.3628661101684,0.833902196991257,8.40732455889345,8.56644874787889,1.3628661101684,0.833902196991257,-1.60124188985443,8.56644874787889,0.825365998554408
"110",-1.22498536997737,0.744109405568013,10,1.69964254755216,-0.367671515124207,0.767301218908229,-8.67429711820879,4.02172736355826,0.913036610830815
"111",1.90756697766483,0.967353909527883,9.76894055241766,9.79202569974586,1.90756697766483,0.967353909527883,-0.240851473282091,9.79202569974586,0.95905481062315
"112",1.23989629372954,0.803774591963738,8.09993076025043,8.28976666089147,1.23989629372954,0.803774591963738,-1.90835900641046,8.28976666089147,0.795184866742406
"113",-1.22539187598528,0.744080989103606,10,1.69937910780178,-0.366478215119846,0.767344456588588,-8.41980738582044,3.9851231191441,0.913033667785511
"114",1.48438818377722,0.01,7.7356884265672,7.95208237817534,-2,0.169262763164316,-2.27350280545939,7.96515993047153,0.940149398784661
"115",-1.22250713913893,0.744367143183543,10,1.70133750786018,-0.345486102744186,0.768702170706602,-5.495085964802,3.45159753322284,0.91306239120832
"116",-1.22360274250605,0.74424610841891,10,1.70057437735115,-0.359344056787439,0.767864302291302,-7.18327327255917,3.78955981974886,0.913044587047472
"117",1.69085377641022,0.914259175220504,9.22721172758145,9.304420996923,1.69085377641022,0.914259175220504,-0.78209269341547,9.304420996923,0.905865744542707
"118",0.462060998112869,0.216209493216007,6.96869749144039,7.02001361790908,-2,0.339343868335293,-3.01781564966839,7.27612643577458,0.980273650121571
"119",-1.22626010509586,0.744052817086366,10,1.69886113739718,-0.369864019983952,0.767243567896384,-9.19326007386202,4.09288090978011,0.91303473902199
"120",1.56308266706765,0.882955253431573,8.90781589700235,9.01693600090221,1.56308266706765,0.882955253431573,-1.10120103899855,9.01693600090221,0.874506206043668
"121",-1.22395035151781,0.744203814207027,10,1.70032738922688,-0.364158574181417,0.767559711864303,-7.9930762013149,3.92165568896287,0.913038731894634
"122",1.5728965504095,0.885359654850326,8.93234815188614,9.03901723842137,1.5728965504095,0.885359654850326,-1.07669086535228,9.03901723842137,0.876914879288091
"123",-1.22437429512185,0.744181187063099,10,1.70006999540576,-0.362587529875311,0.767649542988158,-7.70975919359187,3.87708077176814,0.913043473225642
"124",1.20638930331916,0.795565379313193,8.01617166097206,8.2143759324681,1.20638930331916,0.795565379313193,-1.99204271496041,8.2143759324681,0.786961069037526
"125",-1.22442708423211,0.744157031234704,10,1.70000525003761,-0.366159237843922,0.767412812159091,-8.36931446258521,3.97807048813193,0.913034908662753
"126",-1.20665604779689,0.745761200235357,10,1.71207288510243,-0.0743209517865068,0.775204291775208,-1.40621893984044,1.18553094848826,0.913292008008108
"127",-1.22495898096814,0.744112216921901,10,1.69965533172962,-0.368247827656795,0.76728608189178,-8.80538256929736,4.04019493246087,0.913032607977829
"128",1.40179091691971,0.843438774645328,8.50462684457004,8.65402956306934,1.40179091691971,0.843438774645328,-1.50402718499303,8.65402956306934,0.834919519551182
"129",1.85991364438087,0.955678842873313,9.64981913254107,9.68480569985695,1.85991364438087,0.955678842873313,-0.359865673158783,9.68480569985695,0.947359001238579
"130",-1.43800761681124,0.729650630467443,10,1.57319765435148,-0.389252996615245,0.75710000252194,-10,4.15264512580612,0.913283331167615
"131",-1.21897355433201,0.744705262406913,10,1.70373669174807,-0.306008348661705,0.770747223198795,-3.22223773018758,2.7371045971811,0.913105444126848
"132",-1.21442929576146,0.74509105512856,10,1.70683550853286,-0.220099890472833,0.772818745218792,-1.84855481829968,1.85381557306283,0.913205510395869
"133",0.934002028311687,0.0100019061720395,10,2.22545214524874,-1.59923215385355,0.130462097534882,-8.68443421073328,3.85448340908366,0.897725583671999
"134",-1.22256040272468,0.744372826412703,10,1.70132263318039,-0.339085711816815,0.768965331184924,-4.92797580089631,3.3102822827199,0.913071435729838
"135",-1.22382383984469,0.744203733288876,10,1.70038971776996,-0.368186259620569,0.767312384497734,-8.80199533942304,4.03982398696747,0.913030090739688
"136",1.93349373526871,0.973705965140834,9.83375096473796,9.8503609043546,1.93349373526871,0.973705965140834,-0.176099396166392,9.8503609043546,0.965418151736941
"137",-1.22481379646353,0.744125846856786,10,1.69975078563295,-0.36872065035587,0.76727245180885,-8.91466988064523,4.0553332944502,0.913031683565673
"138",-1.22852350949064,0.743854064241378,10,1.69738251698669,-0.35929629520376,0.767836617523471,-7.16841334980194,3.78687257003374,0.9130413283768
"139",-1.22455197719179,0.744175535077176,10,1.69996707457922,-0.358112593643746,0.767927788969135,-6.99465597660467,3.75636197570423,0.913048195340575
"140",1.27370035279582,0.01,7.01367541073119,10,-2,0.19119963454191,-2.86402120104755,7.08656768521569,0.947865642214592
"141",-1.24327616268457,0.742744075623772,10,1.68800139330419,-0.333686821040759,0.768131591063835,-4.45043943176448,3.16909974713183,0.913081918465607
"142",-1.17310789656588,0.748186689574768,10,1.73372215823122,-0.370599435792713,0.768728291598551,-10,4.20454694927207,0.912955068287212
"143",1.67241096775979,0.909740687101148,9.18110931665753,9.26292467745952,1.67241096775979,0.909740687101148,-0.828153608019929,9.26292467745952,0.901339228565194
"144",1.64141815435141,0.902147447816096,9.10363503133994,9.19319084729068,1.64141815435141,0.902147447816096,-0.905558159507345,9.19319084729068,0.893732498606643
"145",1.45648285839707,0.856838300307281,8.64134302527807,8.7770864313934,1.45648285839707,0.856838300307281,-1.36743406115333,8.7770864313934,0.848342851736143
"146",1.43786364103711,0.01,7.66905015618067,7.93830621840444,-2,0.18422920289345,-2.16109303885854,7.94941490438231,0.943986905209417
"147",-1.22569142242115,0.744084214261398,10,1.699228799622,-0.358050137089656,0.767865811715203,-6.97147026637172,3.75181914850585,0.913048837960605
"148",-1.22453813147338,0.74413709309642,10,1.69991548372454,-0.370160871341007,0.767145308581015,-9.22989744102333,4.09744051321355,0.913028583328979
"149",1.21112782317971,0.01,7.27479844554176,7.56863765871563,-2,0.239684793087612,-3.46630384181712,7.52871166093686,0.958147445630395
"150",1.523811516352,0.873333821506239,8.80964783800091,8.928575911792,1.523811516352,0.873333821506239,-1.19928073791089,8.928575911792,0.86486768001767
"151",-1.21725817067805,0.744892244780458,10,1.70502160874656,-0.241788175638764,0.772053183411716,-2.027418547175,2.01722540961856,0.913207806233613
"152",1.0897885907767,0.01,7.01120030449306,7.05143195151504,-2,0.263887153947176,-3.01936907297331,7.20031703671837,0.964128956875168
"153",-1.2124993309831,0.74527842014889,10,1.70818787385276,-0.153853240466618,0.77401284558894,-1.54759721453839,1.47804546228588,0.913256512852596
"154",-1.22305428537625,0.744307728680429,10,1.70095899220097,-0.352432484212449,0.768306378919971,-6.24322091757698,3.61408565286881,0.91305513072958
"155",-1.22382878341687,0.744248723323086,10,1.70046813186725,-0.345352411226772,0.768597157931202,-5.46588699365067,3.44416915643841,0.913064173721517
"156",1.419194127433,0.847702561221086,8.54813052005065,8.69318678672425,1.419194127433,0.847702561221086,-1.46056266673608,8.69318678672425,0.839190881464737
"157",-1.22318753790455,0.744285998763171,10,1.70085445446049,-0.356229041313857,0.768090462071151,-6.73800718043017,3.70991139637133,0.913048886312845
"158",-1.22507624681061,0.744086673972344,10,1.69955372701391,-0.372743897481571,0.766953913342011,-9.85914112769118,4.17723210724433,0.913023613969769
"159",1.83557442332364,0.0138573030726952,4.8047511973202,6.13021889483703,-1.99867080524869,0.0262698566492797,-10,7.18383476122611,0.902650739947108
"160",-1.22526166936342,0.744071330907633,10,1.6994326667386,-0.372847081467294,0.766986235057037,-9.90233323523766,4.18274503211306,0.913023456817929
"161",1.23910659644753,0.803581116129644,8.09795671446971,8.28798984200694,1.23910659644753,0.803581116129644,-1.9103312753723,8.28798984200694,0.794991047165779
"162",-1.22397453559477,0.744222217491723,10,1.70034176194942,-0.357897315095912,0.767959463251567,-6.96673424390077,3.7515100105392,0.913047663215424
"163",-1.22148873554159,0.744451972441262,10,1.70200154766562,-0.345341074117315,0.768738065455605,-5.4851940514643,3.44944468314321,0.913061358355026
"164",-1.14204783684621,0.75055283602529,10,1.75470442990526,-0.370395257845301,0.768997049546796,-10,4.20739791173438,0.912955338726807
"165",1.3445285587536,0.01,7.5145093488546,7.76505047875264,-2,0.209368585606046,-2.51289803710889,7.75246118311277,0.950432231277166
"166",1.76989456638694,0.9336241687648,9.42479394232575,9.48226277437061,1.76989456638694,0.9336241687648,-0.584688320448622,9.48226277437061,0.92526514327238
"167",-1.22394634084499,0.744198401567737,10,1.70031916298534,-0.365848972434169,0.767475205309717,-8.32256984513418,3.97142334571274,0.913033827431554
"168",-1.22014445838628,0.744605033420447,10,1.70294724640361,-0.326035024038127,0.769746549802379,-4.08160867441927,3.06164926057888,0.913084498893406
"169",-1.22544437708352,0.744056107538802,10,1.69931558259249,-0.373252425184283,0.766944017760606,-10,4.1945418368165,0.913025393761307
"170",1.33696447499096,0.827556296372786,8.34257694635866,8.50817006872967,1.33696447499096,0.827556296372786,-1.66593122371007,8.50817006872967,0.819008823370486
"171",1.7580128936097,0.930713158934377,9.39509273080085,9.45552901062183,1.7580128936097,0.930713158934377,-0.614362798209768,9.45552901062183,0.922348961540783
"172",-1.22627839928914,0.74401389384502,10,1.69880806344008,-0.368727441640261,0.767229096642851,-8.89950234776287,4.05303907487965,0.913033194751461
"173",0.703501252630873,0.01,7.67473320326585,7.91049881267415,-0.520059584226087,0.823279070456797,-2.33522274062558,7.90540598959667,0.977513476464734
"174",1.36056508962065,0.833338446957059,8.40157258277922,8.56127145164646,1.36056508962065,0.833338446957059,-1.60698868867243,8.56127145164646,0.824801246922952
"175",0.884019607362609,0.0101232544667264,10,2.18833294367551,-1.62398938036968,0.125644641964324,-10,4.02288038415475,0.899190653191605
"176",-1.22394049360096,0.744232044527816,10,1.70037680730575,-0.348958110114286,0.768473726382438,-5.84042958463355,3.52949329630147,0.913054632583594
"177",1.04777852804292,0.0365145372633822,10,2.40327530073123,-1.86145089975284,0.01,-10,4.10707924220609,0.897843680480157
"178",-1.22448755911956,0.744171814075941,10,1.6999943295585,-0.359913000585863,0.767785864391165,-7.26095015967714,3.80270419792299,0.91304328622356
"179",-1.22028873261603,0.744566754250583,10,1.70282896813392,-0.327642206789627,0.769580135281563,-4.16229093601882,3.0876060232304,0.913087312666779
"180",-1.30052929863052,0.741088436681381,9.84639254013909,1.64021393925526,-0.375154492821396,0.764532813424998,-9.57515414024455,4.12570156689243,0.913200909289387
"181",-1.22157833450053,0.744437487777324,10,1.70193215110236,-0.346674940036069,0.768603097308637,-5.60824363913889,3.47749691928586,0.9130578106959
"182",1.15485356841236,0.782939124261029,7.88734520763881,8.09842052892782,1.15485356841236,0.782939124261029,-2.12075321289012,8.09842052892782,0.774312381308341
"183",-1.22465166388971,0.744148767251565,10,1.6998725693916,-0.365275627468447,0.767487097558804,-8.20319378147173,3.95351537004397,0.913038007162868
"184",1.97221156954765,0.983191834539175,9.93053587097675,9.93747603148222,1.97221156954765,0.983191834539175,-0.0794016050547361,9.93747603148222,0.974920874386194
"185",-1.22496779459357,0.744100832327938,10,1.69963511447564,-0.37080830280542,0.767109141980871,-9.38494871977974,4.11770041429675,0.913029030772787
"186",-1.21815235559313,0.74474603564565,10,1.7042300828941,-0.322646160992135,0.769941648317177,-3.90233503056922,3.00159256828065,0.913089283862613
"187",-1.4567425517505,0.728358255381778,10,1.56276265891617,-0.383843835230167,0.760029658948093,-9.96980141272305,4.15662379668393,0.913251112660949
"188",-1.22435837090078,0.744184082886609,10,1.70008017766523,-0.358447505834268,0.767906648189293,-7.04365272194959,3.76511776579091,0.913044556119974
"189",-1.22554855684366,0.744060858140644,10,1.6992664963388,-0.368391947975304,0.767261872502531,-8.83106122703374,4.04369817472309,0.913030839257431
"190",1.37629451572197,0.01,7.57137777109368,7.83750268572363,-2,0.200669375903751,-2.43843273084566,7.81719348499497,0.94824283455161
"191",-1.22444495797021,0.744174371290586,10,1.7000202965712,-0.36091224424963,0.767781146520226,-7.43532690825551,3.83243611715928,0.913042424073178
"192",-0.526687852102667,0.284288771767417,10,1.56899385317468,-0.119451603265713,0.715548682069973,-1.25716062428151,1,0.891896122603428
"193",-1.22417142510406,0.744181323824237,10,1.70017432018316,-0.365941642029151,0.767442958665102,-8.33227164551533,3.97270508821558,0.91303439755986
"194",1.56850061565638,0.884282650835812,8.92135941398702,9.02912638522685,1.56850061565638,0.884282650835812,-1.0876697123982,9.02912638522685,0.875835961793839
"195",-1.22369722883075,0.744267369981842,10,1.70055378966295,-0.349159900829246,0.768454617026942,-5.86493378704481,3.53454252221063,0.913056425352501
"196",1.40641651881432,0.0100290086174853,7.61752839459769,7.8542002321081,-2,0.191991170670678,-2.39072806131611,7.85306196047897,0.946012397959674
"197",1.07666949103567,0.01,6.91495633090922,7.75187403152797,-2,0.265913741333846,-1.70056641568986,7.48637346908436,0.964581854192294
"198",1.45539763569832,0.856572420746088,8.63863023983687,8.77464468032122,1.45539763569832,0.856572420746088,-1.37014440484345,8.77464468032122,0.848076499794953
"199",1.24999334468102,0.0157744713248426,5.79363722913028,8.83469890054922,-1.99185206283179,0.208795983293728,-10,4.84666436810767,0.955762816731766
"200",1.82723097503185,0.947671588882804,9.56812062983587,9.61126969382167,1.82723097503185,0.947671588882804,-0.441490639857948,9.61126969382167,0.939337521007443
"201",-1.26786362402526,0.750073614110767,9.38500946202378,1.62083051302572,-0.352070238857586,0.770992775422679,-6.72776019690084,3.72427319699895,0.912925560565848
"202",-1.22540284451872,0.744056310736764,10,1.69933853351485,-0.373249934825224,0.766945553563751,-10,4.19455801410262,0.913024730451773
"203",-1.22344856392904,0.744278247822951,10,1.70070347091543,-0.353358145828463,0.768238199239325,-6.35544515894544,3.63643796898302,0.9130529203417
"204",1.20218523668362,0.01,7.26068580788802,7.52063666575974,-2,0.242784640734615,-2.5741667716476,7.52948948143751,0.958841336390459
"205",1.58266766741872,0.887753578517586,8.95677350162994,9.06100225169212,1.58266766741872,0.887753578517586,-1.05228750062175,9.06100225169212,0.879313056165524
"206",1.5666441032663,0.883827805300243,8.91671859713993,9.02494923234917,1.5666441032663,0.883827805300243,-1.09230635209242,9.02494923234917,0.875380308148268
"207",-1.2223747253964,0.744398691360546,10,1.70146967412448,-0.336456410560469,0.769145345874024,-4.73345271022684,3.25775176696376,0.913084171596399
"208",1.23151895776391,0.801722144652158,8.07898951467033,8.2709176549688,1.23151895776391,0.801722144652158,-1.92928140298463,8.2709176549688,0.793128772911137
"209",-1.20966500948687,0.745417739932223,10,1.70965095700125,-0.241915217318488,0.774927791575998,-2.02707756590437,2.04331313704314,0.91300791809098
"210",-1.2217806297418,0.744511332648693,10,1.70195829266656,-0.290611557893768,0.771110166311935,-2.78096691102607,2.52277107535008,0.913121678313085
"211",1.4361021919176,0.851845037019812,8.59039645424602,8.7312299318146,1.4361021919176,0.851845037019812,-1.4183347756858,8.7312299318146,0.843340717072153
"212",-1.2236396493009,0.744268984465777,10,1.70060039705428,-0.34780887241499,0.768522567649674,-5.7182698442032,3.50223752854349,0.91306742905641
"213",-1.96443073476723,0.726614743524726,8.89130167535633,1.22769932308584,-0.385223081115221,0.759134450662196,-9.79794362968443,4.13749370044913,0.913148923263578
"214",-1.22392249142967,0.744211289471927,10,1.70035323131263,-0.362501173286158,0.767682841042013,-7.7011607973231,3.87593469095397,0.913041141491391
"215",-1.22360952491995,0.744288285044003,10,1.70064423957756,-0.33810399119391,0.768996781967023,-4.84861677304311,3.28905520649456,0.913073845718299
"216",-1.22396805553635,0.744209902657586,10,1.70032616655344,-0.361212193613669,0.767737707841299,-7.47736380732582,3.83932127685531,0.913041445349605
"217",-1.22454301402789,0.744147812187996,10,1.69992873044317,-0.367371299860328,0.767364199277265,-8.62593427269554,4.01518460936516,0.913033789117458
"218",1.97680913843215,0.984318238915876,9.94202864379576,9.94782056147233,1.97680913843215,0.984318238915876,-0.0679191767657176,9.94782056147233,0.976049280010728
"219",-1.22466593256502,0.744142112274084,10,1.69985204864076,-0.366017364979493,0.767401631704545,-8.33728770878871,3.97321175092684,0.913032990833336
"220",-1.22389500820975,0.744226093842749,10,1.70039046327861,-0.35752913088758,0.767986875855933,-6.91440141902599,3.7421344461393,0.913047726943717
"221",1.09259936023749,0.01,7.01232337775175,7.82650316976169,-2,0.263442236225237,-2.86154708711939,6.88166944641955,0.964127432646893
"222",1.20211985522107,0.0134873898341374,7.33321438484891,7.62620280964268,-1.95275296876432,0.261694024088837,-2.66454735156377,7.59357215252104,0.958968894592034
"223",-1.22410970012275,0.74424840277555,10,1.70031960454944,-0.340722174960159,0.768786754674849,-5.04899308081062,3.34129337592717,0.913074054802775
"224",-1.21501627438296,0.745021185990561,10,1.70631432401274,-0.304725799215718,0.770663488133201,-3.17700884882961,2.7160315384101,0.913102609287852
"225",-1.22227976719753,0.74439626988848,10,1.7014905712533,-0.349514906591354,0.768454621491368,-5.91503249054696,3.54504669993689,0.913055753978
"226",1.42114679342319,0.01,7.63516814737707,7.82778046449405,-2,0.188311032146961,-2.36221632689974,7.93722308336425,0.945069729641832
"227",1.2008816343038,0.0111414601129238,7.14447356688628,9.07653201226131,-1.93147953689857,0.272946623235611,-1.26691330400731,7.59751079348793,0.959617230050186
"228",-1.22193744625741,0.744407135613951,10,1.70169928239997,-0.349186240241922,0.768539389830166,-5.87963793520794,3.5382663521452,0.913059347747565
"229",1.82112968154252,0.946176771977916,9.5528689214359,9.59754178347066,1.82112968154252,0.946176771977916,-0.456728620347567,9.59754178347066,0.937840048307572
"230",-1.22460708817606,0.744147715268179,10,1.69988568949566,-0.369177408951835,0.767258676170418,-9.03104006062635,4.07102317950883,0.913027345396376
"231",-1.22429294480189,0.744180808100773,10,1.70011041176577,-0.362444358423589,0.767678580853388,-7.68895200052843,3.87396032080987,0.913039878478126
"232",-1.22461120766371,0.744159408559698,10,1.69991101394723,-0.36117816192326,0.767708204101159,-7.46425124237584,3.83694304805834,0.913042127772037
"233",-1.22375197910351,0.744225171852144,10,1.70046420673311,-0.361019772514844,0.767781085005468,-7.45277693096547,3.8354546248524,0.913041583723452
"234",-1.22472186235903,0.744129462946515,10,1.6998077698553,-0.368041708996522,0.767288686255682,-8.75690037686866,4.03341193753717,0.913032803202303
"235",-1.20980251172893,0.745500773900198,10,1.70994939389231,-0.167185292708756,0.773926134431723,-1.58780457040933,1.5415685548711,0.91324622601072
"236",1.75388055481017,0.929700735928491,9.38476291688671,9.44623124832287,1.75388055481017,0.929700735928491,-0.62468331436161,9.44623124832287,0.92133473979424
"237",1.21193308876649,0.01,7.23801550520527,7.91014209329205,-2,0.240039629556868,-2.67015234641136,8.47485370902313,0.958154675308072
"238",-1.22481360264958,0.744124299031047,10,1.69974949459799,-0.367712239769115,0.767305012266626,-8.68556820724694,4.02339679802276,0.913032279726579
"239",-1.22550584606982,0.744051557878569,10,1.69927659178074,-0.373256210655675,0.766942217569121,-10,4.19453514927793,0.91302581768514
"240",-1.2244627232656,0.744167200807902,10,1.70000198189716,-0.363611680329415,0.767592623446805,-7.89067217873269,3.90581370750965,0.913041693073748
"241",-1.80304294994819,0.727238417696817,9.11978660056388,1.31732762908559,-0.384471079347133,0.759944110128978,-10,4.16400397076985,0.913170701900449
"242",-1.22238306886295,0.744390520442887,10,1.70145468580765,-0.329337403867135,0.76950857169342,-4.25969674100101,3.11878583689188,0.913084984540688
"243",1.7970815114677,0.940284970309585,9.49275450829137,9.54343340080231,1.7970815114677,0.940284970309585,-0.516788925109431,9.54343340080231,0.931937778857357
"244",1.05359556880666,0.0100905946769057,8.08231087012121,2.1371276790709,-1.69418307659116,0.0790513022780885,-5.47704808862629,3.41503314300919,0.896397052531461
"245",1.35553621221334,0.832106371992268,8.38900164648029,8.54995647748001,1.35553621221334,0.832106371992268,-1.61954830999719,8.54995647748001,0.823566982968659
"246",1.77968076616526,0.936021787710488,9.4492569952216,9.50428172387183,1.77968076616526,0.936021787710488,-0.560247286502272,9.50428172387183,0.927667021993528
"247",0.778181388256641,0.0415464902571536,10,2.14347649103483,-1.51881570263806,0.17399334899649,-10,3.99228900352248,0.898855388280815
"248",1.22858560085297,0.801003472208977,8.0716568557322,8.26431760191917,1.22858560085297,0.801003472208977,-1.93660746186972,8.26431760191917,0.792408823624843
"249",-1.22218881964081,0.744412567069108,10,1.70158236113363,-0.33255972243244,0.769367405085088,-4.4640455125129,3.18101822050717,0.913079318493444
"250",1.24060386166943,0.01,7.24653591161972,7.54062716702609,-2,0.192144029268705,-2.77137156376716,7.52745568597178,0.948356336116387
"251",-1.22382491565308,0.744230140752202,10,1.7004270682193,-0.36184149692947,0.767750757434666,-7.59811031568846,3.85936304605482,0.913040215281908
"252",1.78805820830166,0.938074261033907,9.47019850620208,9.52313096867874,1.78805820830166,0.938074261033907,-0.539324624766596,9.52313096867874,0.929723141882851
"253",1.69586213678122,0.915486223511398,9.23973137641884,9.31568980775774,1.69586213678122,0.915486223511398,-0.769584313388914,9.31568980775774,0.907094972892365
"254",-1.22456548416329,0.744141575185403,10,1.69990691828819,-0.369040412773021,0.76723094882787,-8.97898971392943,4.06396249732104,0.91303082006428
"255",-1.22398195556644,0.744211239149763,10,1.70032421045747,-0.360753881526146,0.767784955220863,-7.4064592870193,3.82760617129738,0.913045292708466
"256",-1.17531973410733,0.746330887314924,10,1.73056348309166,-0.195638099736383,0.774923484821665,-1.68760644854723,1.69814994627969,0.913081884359932
"257",-1.22318818948942,0.744307347915463,10,1.70089640028154,-0.343816962387517,0.768737177508367,-5.32802799640813,3.41173387489863,0.913068472683057
"258",1.33326555229723,0.826650060312822,8.33333056435501,8.49984749266878,1.33326555229723,0.826650060312822,-1.67516928313766,8.49984749266878,0.81810097722893
"259",-1.53421985846176,0.74411865413319,8.85718608667531,1.42283298514896,-0.378121204291988,0.76441165172032,-10,4.18964780151089,0.913067347063637
"260",-1.22381777788416,0.744205154979586,10,1.70040141694867,-0.364555295387284,0.767544797982595,-8.06894361030808,3.93338113742849,0.913036613671187
"261",-1.22392747747457,0.744253894872628,10,1.70041766685529,-0.345163881960193,0.768578399781532,-5.44620483090124,3.43924917883288,0.913064119458595
"262",-1.2234383623621,0.744271275735625,10,1.70070073450082,-0.353757608295575,0.768209189359975,-6.40479996421463,3.64613761312875,0.91305245148689
"263",1.41861786238607,0.01,7.63693455622941,7.88117702589134,-2,0.187984876964429,-2.37501280303071,7.86482190467028,0.945038254118022
"264",-1.22446828920413,0.74416361933535,10,1.69999233883242,-0.364146754856622,0.767561958186006,-7.99037082937858,3.92127957739625,0.913038688446062
"265",-1.22469608468879,0.744147446901726,10,1.69984472851259,-0.365395924331557,0.767486692694619,-8.22782511922704,3.9572762179611,0.913036779454415
"266",1.09488151206377,0.0255376996693988,7.13020234616899,7.55075036169272,-2,0.26381999475149,-2.77071191046746,7.42272332075038,0.963816844740526
"267",-1.22345259463348,0.744273642874096,10,1.70070093081208,-0.352892146621362,0.768248318939059,-6.29462239618085,3.62416937326081,0.913057345642777
"268",0.864817524487545,0.01,6.574094996807,1.78134898382787,-1.74268153601976,0.0694740235613194,-6.8084011261655,3.60883985955561,0.900823921704321
"269",-1.2205339212731,0.744550308188827,10,1.70266301772316,-0.333721884752582,0.76928884763918,-4.54237242415785,3.20365386686003,0.913078114386022
"270",-1.22156856236898,0.744430264448851,10,1.70193268457079,-0.346178257544659,0.768593194252885,-5.55241221231569,3.46452956700004,0.913060310457513
"271",1.79541443008929,0.939876535371877,9.48858722161571,9.53968246770091,1.79541443008929,0.939876535371877,-0.520952460851986,9.53968246770091,0.931528618265921
"272",1.07908324985242,0.0100039532532711,6.86153959169374,8.21730717923829,-2,0.266593271456695,-2.89705624047559,7.43280022058873,0.964760985561681
"273",-1.22420051615357,0.744193230404768,10,1.70017578570382,-0.362587634744949,0.767684938590832,-7.71883178887118,3.87879604973748,0.913040160792998
"274",1.80900916084647,0.943207244407386,9.52257064982597,9.57027061190456,1.80900916084647,0.943207244407386,-0.486999620785937,9.57027061190456,0.934865244869207
"275",1.48216649803569,0.01,7.73748787921914,7.9674824320344,-2,0.171163349301127,-2.27416415959479,7.95615545733552,0.940629359532764
"276",1.16936781071126,0.78649511362426,7.92362718482548,8.13107757410035,1.16936781071126,0.78649511362426,-2.08450389274862,8.13107757410035,0.777874688487943
"277",1.39612640161067,0.842050968394615,8.49046697242628,8.64128440362401,1.39612640161067,0.842050968394615,-1.51817431197735,8.64128440362401,0.833529247628005
"278",1.48160969279706,0.862994374735281,8.70415382956946,8.8336218087934,1.48160969279706,0.862994374735281,-1.30467979223933,8.8336218087934,0.854509863471269
"279",-1.22313520836513,0.744295257848985,10,1.70089432754458,-0.355653151930686,0.768129351074838,-6.6593636473908,3.6952690703717,0.91304958018671
"280",1.56086182966828,0.882411148268729,8.90226435871329,9.01193911675364,1.56086182966828,0.882411148268729,-1.10674758040346,9.01193911675364,0.873961134186001
"281",-1.21215502046129,0.745328599929737,10,1.70834269432292,-0.229856835458668,0.773232880064147,-1.92137046388372,1.93009615180432,0.913174784310789
"282",1.81770796980709,0.945338452602737,9.54431549752527,9.58984293206595,1.81770796980709,0.945338452602737,-0.465274345406797,9.58984293206595,0.937000239516274
"283",-1.22286687004126,0.74432529236081,10,1.70108098082564,-0.35194210307993,0.768320605272593,-6.18371005728558,3.60185105107363,0.913053329121172
"284",-1.22451788468909,0.744166738232572,10,1.69996488639889,-0.362861814169147,0.767631302178837,-7.75886090413415,3.88494950425979,0.913036616620889
"285",-1.2246852144128,0.744142768630914,10,1.69984622027172,-0.365034794616544,0.76749411089836,-8.15349942049851,3.946063258912,0.913036925048317
"286",-1.20927441526817,0.74552297393558,10,1.71016264498526,-0.243247258888852,0.772700411065243,-2.04174670695693,2.03555089896504,0.913148203524552
"287",-1.21016097775271,0.745310906368358,10,1.7093215487414,-0.369678607839006,0.767873750307023,-9.38473736525692,4.12137855606102,0.913035945124738
"288",0.99678751813968,0.0100003154516052,6.87741676867069,7.1714703370791,-2,0.279782221714683,-3.13659869809185,7.17341043855691,0.968046511637374
"289",-1.27408941250936,0.740414130995994,10,1.66862418061837,-0.357693036009485,0.766388937592718,-6.60420343433666,3.67513021654371,0.913105301590088
"290",-1.22805197629728,0.744073946141879,10,1.698328914477,-0.218526753559424,0.769729526042834,-1.84831387820735,1.82318894500741,0.913429466595237
"291",-1.22453601259622,0.744154686636492,10,1.69994118078846,-0.366097139842122,0.767446617895503,-8.36669742544537,3.97784154215182,0.91303508149765
"292",-1.22452587173938,0.744185022433802,10,1.69999280241975,-0.356619337930804,0.768044965598332,-6.78684441920955,3.71883862486938,0.913049589695122
"293",-1.22279843399084,0.744345794862879,10,1.70115866056489,-0.344000880869787,0.768773691352068,-5.35286822961137,3.41784535838353,0.913069632404724
"294",-1.22422716149532,0.744204747033141,10,1.70016610210482,-0.363561420558186,0.767662926395656,-7.91486441291498,3.90958491029013,0.913034089816033
"295",-1.17723282711599,0.74840269081818,10,1.73134815444939,-0.238863637190639,0.777732980230057,-1.99721257197719,2.0422688962984,0.912833794995565
"296",-1.2152847721154,0.745034577914811,10,1.70622397734981,-0.256378413184016,0.772047119835633,-2.18739584224053,2.14890157288695,0.913148616311615
"297",-1.22575461509772,0.74404338648396,10,1.69913408628338,-0.369877199560761,0.767142327693243,-9.15449095975271,4.08734711368588,0.91303193234959
"298",-1.21779332433119,0.74484258147637,10,1.7046502302714,-0.207401989465602,0.773193849065758,-1.76618936507566,1.76836802660695,0.913197534305488
"299",1.46624392084777,0.859229760607705,8.66574324113922,8.79904882190749,1.46624392084777,0.859229760607705,-1.34305580768269,8.79904882190749,0.850738560870152
"300",-1.18300725862482,0.747552768884093,10,1.72728260646892,-0.348005096242625,0.769881825961049,-5.9627544782915,3.56390921887542,0.912981506158539
"301",-1.32119475960612,0.736950448091695,10,1.63981546433446,-0.376762552340542,0.763958549723303,-9.70025476542634,4.14211720121717,0.913123069145704
"302",-1.22521277592893,0.744074910155928,10,1.69946849885956,-0.372838196498433,0.766959887204724,-9.88568823428233,4.18057614678579,0.913027142650557
"303",1.85299403499812,0.953983538574539,9.63252183898655,9.66923657874577,1.85299403499812,0.953983538574539,-0.377147397592198,9.66923657874577,0.945660684945067
"304",-1.2230172309112,0.7443341501349,10,1.70101697644273,-0.343434299397614,0.768728977019985,-5.29346305392589,3.4030047446028,0.913064814328232
"305",-1.25483883450624,0.742073278210175,10,1.68089785659145,-0.349599843484035,0.767569121318489,-5.77291644944525,3.50933309201194,0.913099567339453
"306",1.03598320284687,0.0665822371389211,10,2.60160156335177,-2,0.0629290887656805,-3.33917856716015,7.2768928816969,0.911987860839858
"307",-1.22425107719277,0.744199337542173,10,1.70016063776285,-0.35767026856957,0.767939346404747,-6.92677884053527,3.74413367526706,0.913047123373874
"308",-1.22496559705554,0.744140280158096,10,1.69969750616725,-0.35844387346094,0.767893141009002,-7.03957243805935,3.7642754385454,0.913048937544055
"309",-1.22424193639755,0.744205984215419,10,1.70017671018362,-0.354506006094673,0.768141198604167,-6.49451529790366,3.66357125836466,0.913051300344283
"310",-1.2224255609536,0.744338061501506,10,1.70133648197045,-0.358061841656394,0.767952087300019,-6.99245247386002,3.75610956354651,0.913045256196343
"311",1.80203481391072,0.941498529408127,9.50513652607333,9.55457833129913,1.80203481391072,0.941498529408127,-0.50441805225797,9.55457833129913,0.933153494048833
"312",-1.2252733677115,0.744129395118327,10,1.69952788385307,-0.347779379750214,0.768498082785813,-5.71288069330651,3.50084240005486,0.91306428059617
"313",-2,0.721596858608982,9.15794382297589,1.23886227206018,-0.314599746151709,0.760321063509582,-3.14779550272488,2.64418354196142,0.913293799577983
"314",1.68051698431373,0.911726661156863,9.20137233153824,9.28116321470588,1.68051698431373,0.911726661156863,-0.807908831676468,9.28116321470588,0.903328731039619
"315",-1.22468369216151,0.74415055646991,10,1.69986109487119,-0.362604408300413,0.767634821828098,-7.70756425706792,3.87671565506702,0.913042582118699
"316",1.78884685598314,0.938267479715869,9.47216992824385,9.52490542596206,1.78884685598314,0.938267479715869,-0.537354977182113,9.52490542596206,0.929916703850471
"317",-1.22452266761065,0.744177518716269,10,1.69998685575463,-0.358994929817996,0.767865687800693,-7.12286987735547,3.77897975470096,0.913049153238047
"318",1.9424317041412,0.975895767514594,9.85609365242696,9.8704713343177,1.9424317041412,0.975895767514594,-0.153776818907354,9.8704713343177,0.967611844664882
"319",-1.22348103106764,0.744249861570528,10,1.70063776542822,-0.364285593955094,0.767615851730768,-8.0349042685121,3.92848328868532,0.913035942520291
"320",1.43460112251341,0.851477275015786,8.5866441560029,8.72785252565518,1.43460112251341,0.851477275015786,-1.42208369652275,8.72785252565518,0.842972301676744
"321",-1.22502672146064,0.744143950786374,10,1.69967302670673,-0.355644432605263,0.768043443919496,-6.64047873738834,3.69116838456673,0.913054344684074
"322",-1.22384773488527,0.744221531504093,10,1.70040531329622,-0.36213560614803,0.767712300443133,-7.64148329664225,3.8663337296943,0.913040000219577
"323",-1.22550411409575,0.744052484611029,10,1.69927822334541,-0.373256898689572,0.766941016891729,-10,4.19452537159801,0.913025521839164
"324",-1.224367504127,0.744177116237334,10,1.70006536076449,-0.362080065158412,0.767691141145978,-7.62463963735062,3.86348725181961,0.913040828060383
"325",1.52269216347486,0.87305958005134,8.80684973564628,8.92605736781843,1.52269216347486,0.87305958005134,-1.20207632172154,8.92605736781843,0.864592951326456
"326",-1.6140357249288,0.726653271033817,9.54438525983966,1.44248853722613,-0.380332777015038,0.75968925890931,-8.87362862725215,4.01470651254269,0.913207237784645
"327",-1.33068541526269,0.744320556846272,9.52873514274572,1.59580587727711,-0.152903756264806,0.773393069670274,-1.54570858808969,1.47047060247416,0.913225665758996
"328",-1.224632915472,0.744150217620479,10,1.69988778582461,-0.362981514783975,0.767620856370421,-7.77584213249617,3.8876774438141,0.913041048945885
"329",-1.22408318112319,0.744205134498806,10,1.70025779578664,-0.36025783159255,0.767807351737262,-7.32534826930881,3.81391549008016,0.913043282026916
"330",0.503885754952724,0.276596204783373,10,2.31298954361051,-1.84986610746181,0.0119163323959076,-10,4.02990565531628,0.898328019080348
"331",1.34756210912019,0.830152716734447,8.36906838227319,8.53201474552043,1.34756210912019,0.830152716734447,-1.63946363247233,8.53201474552043,0.821609856711937
"332",1.38861064002308,0.01,7.67239241170335,7.94425668496318,-2,0.198573036655104,-2.37143388974467,7.94396408402611,0.947624368723324
"333",-1.22353708671179,0.744247499327873,10,1.70061038898162,-0.360499434877868,0.767809951101893,-7.36832243982736,3.82127278024603,0.913042710462446
"334",1.49826506711543,0.867074941443279,8.74578810152179,8.87109640100971,1.49826506711543,0.867074941443279,-1.26308299487922,8.87109640100971,0.85859767999599
"335",-1.2221619414222,0.744427094545332,10,1.70162246109317,-0.322769110023807,0.769740614266508,-3.89784168578935,2.99875873516022,0.913089179759883
"336",-1.22244006190727,0.744398892983277,10,1.70142571853013,-0.331545966960826,0.769400461815178,-4.3982284544227,3.16117685447646,0.913079313756475
"337",-1.22446982124108,0.744169949966909,10,1.70000000407909,-0.360384249589196,0.767773545836382,-7.33941915888012,3.81616229708752,0.913041457116337
"338",1.46632221602824,0.0102323457098756,7.76397528073213,8.11164602683041,-1.99863155458626,0.174278549445169,-5.78799754217632,5.21118746562956,0.943540717671342
"339",-1.22446324392208,0.744160866264648,10,1.69999035974735,-0.365695570787423,0.7674615590961,-8.28443546740809,3.96564563499006,0.913036561429705
"340",-1.22627520568974,0.744026944854394,10,1.69884038002691,-0.358543985426042,0.767803257986113,-7.03424113251696,3.76290752308296,0.913049165856241
"341",1.15469160676003,0.782899443656206,7.88694034399837,8.09805611521006,1.15469160676003,0.782899443656206,-2.12115771211684,8.09805611521006,0.774272630204214
"342",-1.22321079998199,0.744296453347618,10,1.70085933601125,-0.351576408329441,0.768345767176867,-6.13995932523602,3.59293155695052,0.913055580047385
"343",1.05671290519459,0.01,6.99303555912189,7.26255057476054,-2,0.269862183796438,-3.14368174736803,6.89901196583519,0.965670326227255
"344",1.8029374461621,0.941719674309716,9.50739288104372,9.55660925386474,1.8029374461621,0.941719674309716,-0.502163728210144,9.55660925386474,0.933375031851731
"345",-1.25285075727185,0.742751706019256,9.94479387526667,1.67755035067599,-0.330669142909798,0.765882308074552,-4.05435508623094,3.03288859645463,0.913233266123773
"346",1.3346919076684,0.298849313573205,2.89482463665461,9.88819925093203,-0.291041270794787,0.791383380905991,-1.09115768996783,2.02414454861984,0.898897313858776
"347",-1.22317599632012,0.744304044323263,10,1.70089229185139,-0.349927516436885,0.768451006593701,-5.95331195801174,3.55382631744385,0.913060627576404
"348",1.42473389504627,0.01,7.63943800039875,7.93119807661531,-2,0.186690468837598,-2.36824136408354,7.87600073518064,0.94471800878462
"349",-1.22451703591289,0.74415646035738,10,1.6999537095477,-0.366023088929414,0.767450378189443,-8.35263558216452,3.97573488093395,0.913035821284357
"350",-1.22314263114647,0.744317833988421,10,1.70092460515074,-0.347957357022643,0.768586898889526,-5.74757838261944,3.50909441856381,0.913060377137867
"351",1.46561842139839,0.01,7.70728554910958,7.92773377637606,-2,0.175122509414309,-2.30251543034338,7.93261010232808,0.941690972627013
"352",-1.21193729043397,0.745340259135639,10,1.70860846888679,-0.0695086304305843,0.775282906344957,-1.40150952611098,1.17147082561707,0.913290707124984
"353",-1.22431915390213,0.744188126651522,10,1.70010684734981,-0.360793544704416,0.767781657526564,-7.41409570019465,3.82884771248713,0.913043536952982
"354",-1.22440001826941,0.744167184477064,10,1.70003317864026,-0.364947134758,0.76750972243077,-8.14029460478231,3.94411445196272,0.913036973694639
"355",-1.21997457637247,0.74455740312697,10,1.70296123819407,-0.350509743879086,0.768434102762747,-6.02370277071593,3.56881681522019,0.913052353964627
"356",-1.22408194710433,0.744198475373672,10,1.70024644012177,-0.362791432799118,0.767648196414529,-7.74939381888956,3.88351040191665,0.913038205435976
"357",1.28437386408138,0.01,7.40103549921326,7.65729228243321,-2,0.2192210313473,-2.64480347921697,7.65044959817786,0.952909025999924
"358",1.12286882034,0.01,8.02549899478641,2.3462760388801,-1.9808475653073,0.01,-10,4.26247864346895,0.910238788349784
"359",1.54653361067176,0.878900734614581,8.86644739327673,8.97970062401146,1.54653361067176,0.878900734614581,-1.14253230734728,8.97970062401146,0.870444483688435
"360",1.12906081793006,0.01,10,2.46175948449642,-1.86333391749646,0.01,-5.37730432750107,3.40208287738915,0.900254181554624
"361",1.38166486765012,0.01,7.5972416781896,7.81146224559167,-2,0.201543325294396,-2.43055204955461,7.81134572746439,0.948350197078253
"362",-1.22447057547637,0.744201053911286,10,1.70004517464191,-0.353297713946764,0.768200025337413,-6.34316082159188,3.63361675899726,0.913053818315981
"363",1.32718012928222,0.0100000001790536,7.48376251687421,7.74236020576809,-2,0.21329408825422,-2.52933003079473,7.72706645048062,0.951450930697212
"364",-1.22238040224724,0.744354069718225,10,1.70137732520906,-0.355920278530509,0.768063286254734,-6.68710696560018,3.70018739668613,0.913044558749527
"365",-1.2242398221834,0.744176842228167,10,1.70013598842871,-0.365174570061506,0.767498201995174,-8.18359017815304,3.9506480423644,0.913038701021054
"366",-1.22368489904221,0.744247659064102,10,1.70053492031116,-0.355773454156186,0.7680890463246,-6.66821967972764,3.69676502720666,0.913050443091553
"367",-1.36383223348731,0.733564326518118,10,1.61433026116459,-0.380578445917848,0.762477035881681,-10,4.17447271370549,0.913230316447281
"368",1.03555295467155,0.01,7.47088788922151,2.16078775634056,-1.97191463619568,0.01,-10,4.21453474479752,0.909902499619779
"369",-1.21949191913888,0.744634222949451,10,1.70334192281557,-0.329985182453744,0.769394692153893,-4.29727229801466,3.12965767579005,0.913078402728682
"370",-1.22077116652981,0.744499001576981,10,1.70245997563552,-0.342243161489802,0.768963892153505,-5.20687360088777,3.38284389900214,0.913063951897197
"371",-1.22333095053308,0.744259763365859,10,1.70073618247836,-0.362655827098284,0.767665787977954,-7.72788734609958,3.88012907202141,0.913039248557273
"372",-1.10967604057542,0.752805565485555,10,1.77703405359484,0.000200333744775304,0.780200459050914,-1.339232750512,1,0.913151621101737
"373",1.68650698009878,0.913194210124202,9.21634582350194,9.29464070522226,1.68650698009878,0.913194210124202,-0.792948817203287,9.29464070522226,0.90479888735584
"374",-1.22342731937679,0.744283618318985,10,1.70072613596538,-0.351382271917071,0.768366819163054,-6.11942345836684,3.58869046930283,0.913058293315824
"375",-1.22569536186446,0.744046151462618,10,1.69916724305514,-0.370902459456025,0.767093790138786,-9.40351894478444,4.12005227417419,0.913029523929093
"376",1.0263712217255,0.0249999743356139,10,2.32747583404376,-1.83127313906522,0.0102929830672248,-10,4.07335731943164,0.894552316973875
"377",-1.22544829669899,0.744056365548935,10,1.69931408106375,-0.373252695681818,0.76694400749189,-10,4.19453719302925,0.913025820960849
"378",-1.22624866139453,0.744028105419615,10,1.69885590853006,-0.357870573812171,0.767787563653248,-6.91597868370622,3.74174342568721,0.913049398538586
"379",-1.22438248404422,0.744162031326001,10,1.7000325819174,-0.367827674795088,0.76735231053542,-8.72827693636385,4.02970676768333,0.913031906413012
"380",-1.21582871746721,0.744917912795162,10,1.705696428152,-0.343915389090888,0.769063567528997,-5.38736346007366,3.4275812618007,0.91305640414311
"381",1.34260033164173,0.828937081252225,8.35666517902142,8.5208507461939,1.34260033164173,0.828937081252225,-1.65185567172477,8.5208507461939,0.820392061447734
"382",-1.22391088315844,0.744248793338969,10,1.70041979224265,-0.347334580987442,0.768565746447729,-5.67288922236489,3.49218480574437,0.913062061917506
"383",-1.22480593205374,0.744130727082758,10,1.69976352332044,-0.366261421089167,0.76742360300296,-8.39559411547099,3.9819883953237,0.913035174380465
"384",1.62281346321106,0.89758929848671,9.05712795466185,9.15133029222488,1.62281346321106,0.89758929848671,-0.952023375630379,9.15133029222488,0.889166250954254
"385",1.27249737313036,0.01,7.34726897445157,7.83440918831055,-2,0.225971616218509,-2.63695262557841,7.45414373519508,0.954662660236669
"386",-1.09237046372515,0.755517264504824,10,1.79050067705174,-0.355145834237103,0.772358889822749,-7.63867635494157,3.8893142379545,0.912890224092514
"387",1.88441171776503,0.961680870852433,9.71105819148314,9.73992636497132,1.88441171776503,0.961680870852433,-0.298681734881829,9.73992636497132,0.953371692835263
"388",-1.22009641101018,0.744579892785377,10,1.70293630273766,-0.334773818360087,0.769304754025686,-4.61864317042281,3.22620787865327,0.913073079843138
"389",-1.22310699816721,0.744288648957825,10,1.70090052537777,-0.356907394383711,0.768026551703528,-6.82681579405421,3.72622242938975,0.913046583262993
"390",-1.22379537811531,0.744242807242031,10,1.70047418992026,-0.353959446290594,0.768197848433797,-6.42937402247185,3.65094865760165,0.913056948455063
"391",1.13081743009388,0.777050270373002,7.82726087087719,8.04433921771124,1.13081743009388,0.777050270373002,-2.18078346834052,8.04433921771124,0.768413064875659
"392",-1.2225851087909,0.744357274030581,10,1.70127955648195,-0.349488199461445,0.768495729160692,-5.91105623169322,3.54476401307257,0.913058325191732
"393",-1.21791840559286,0.744764908302436,10,1.70438331297193,-0.322127980888484,0.769951872115353,-3.87574744325563,2.9922313539841,0.913089919772255
"394",-1.22137811820051,0.744470210776509,10,1.70209796590879,-0.33714591945238,0.769133858152844,-4.78568897713451,3.27244186289603,0.913074884775792
"395",-1.2249462532154,0.744132350743022,10,1.69969356445036,-0.362801462669643,0.767636224883562,-7.74605938793754,3.88293177207681,0.91304191482283
"396",1.75051414873451,0.928875966439955,9.37634774329909,9.43865683465265,1.75051414873451,0.928875966439955,-0.633090913535561,9.43865683465265,0.920508504963251
"397",-1.22274196699806,0.744350330698579,10,1.70119318633492,-0.343101740197699,0.768839195715686,-5.27303292531749,3.39863712396452,0.913068155564874
"398",-1.22132231998469,0.744478526853726,10,1.70212841718024,-0.343339608141911,0.768853594024942,-5.29996233232554,3.40525584120782,0.913065796458126
"399",1.01532207273408,0.0855391788064142,10,2.61194472565556,-1.99976956716393,0.010000065651471,-9.99984056043662,4.32080715839119,0.911620741387615
"400",-1.22274747017525,0.744350625861385,10,1.70119143185727,-0.343823009042383,0.768793494192028,-5.3374685641434,3.41423135673706,0.913068834364566
