"","V1","V2","V3","V4","V5","V6","V7","V8","V9","V10","V11"
"1",-0.571801704826575,0.733797979223185,12.7988471830278,2,-1,0.33866511268063,-5.78341223082854,4.56650136648246,0.814101827846872,0.95,0.184700737358706
"2",-0.808376246877015,0.808743562968448,13.4790593828075,1.84790593828075,-1.15209406171925,0.447905938280746,-4.60837624687701,4.39162375312299,0.839162375312299,0.873952969140373,0.239162375312299
"3",-0.366910807602108,0.874963378859684,14.5827229809947,1.95827229809947,-1.04172770190053,0.558272298099473,-4.16691080760211,4.83308919239789,0.883308919239789,0.929136149049737,0.283308919239789
"4",-0.546024831363844,0.743220724985924,12.2865428742814,2,-1,0.340181745811269,-5.42546298452094,4.47497620606527,0.815344860988044,0.95,0.185073696487032
"5",-1.38702584152633,0.759479157112159,10.8373231209383,1.5,-1,0.391005577858688,-5.91189046016323,4.4749943848129,0.842276891452175,0.95,0.193705819578583
"6",-0.557728979208152,0.738337591891877,12.5759856022429,1.99996835160301,-1,0.334338850823523,-6,4.63440892416181,0.811436939476466,0.95,0.183993888202233
"7",-0.561142619559229,0.737846856999318,12.5800449617017,2,-1,0.33873255352697,-4.98954512903299,4.383597420091,0.814807245581894,0.95,0.184894088976647
"8",-0.555920917301591,0.741284353323814,12.4276156111411,2,-1,0.340680280064069,-5.93114023408349,4.58516956302963,0.815190927286777,0.95,0.185032427482818
"9",-0.664904752215841,0.74553545438715,11.2382537537425,1.84863058915131,-1,0.341628603673046,-4.9724963214331,4.35942237337186,0.816595810729214,0.95,0.185412833827737
"10",-0.309913990367204,0.883512901444919,14.725215024082,1.9725215024082,-1.0274784975918,0.572521502408199,-4.1099139903672,4.8900860096328,0.88900860096328,0.936260751204099,0.28900860096328
"11",-0.72314491288754,0.750766513464964,10.3919371510123,1.752818334361,-1,0.342930492161273,-4.06175008674561,4.09284849421821,0.818513167025067,0.95,0.185923657758385
"12",-0.826443611730695,0.735540450904585,11.0872325347781,1.72622987672318,-1,0.345960384756938,-5.52940625966754,4.4918026429488,0.81823354691381,0.95,0.185694414072323
"13",-1.31663847695553,0.727303138745722,11.1886141120034,1.5,-1,0.360975695864699,-4.24453722795972,4.17623855847437,0.826759186936253,0.95,0.188171398748805
"14",-0.600143813041237,0.748233920005719,11.4661185067704,1.91248265786307,-1,0.340290796730508,-4.87486430245557,4.33805445347891,0.815971802387851,0.95,0.185262232494312
"15",-0.723107726895555,0.755191107382102,10.0301175250712,1.72896012083156,-1,0.346640822553164,-6,4.54795750322679,0.81895462487243,0.95,0.186141173892075
"16",-0.604750834667395,0.747359866435569,11.5173750188138,1.91315144673935,-1,0.343180337226173,-5.05818875662785,4.371394581113,0.817442228721646,0.95,0.185658550274798
"17",-0.605548914185019,0.746695629740725,11.5378719289267,1.91218822320782,-1,0.343309668764612,-6,4.5822203501878,0.816724686145671,0.95,0.18544057522625
"18",-0.668198379036039,0.829770243144594,13.8295040524099,1.88295040524099,-1.11704959475901,0.48295040524099,-4.46819837903604,4.53180162096396,0.853180162096396,0.891475202620495,0.253180162096396
"19",-0.665204659919328,0.740706370037548,11.5071103387304,1.85988800766237,-1,0.341157850142943,-5.31153637606327,4.4448345641986,0.815991747163684,0.95,0.18523369566375
"20",-0.60709299716542,0.750612398323417,11.1950680285908,1.89312039647101,-1,0.346158651239671,-6,4.55524197873062,0.818593342320415,0.95,0.18603970886253
"21",-0.313658906426281,0.882951164036058,14.7158527339343,1.97158527339343,-1.02841472660657,0.57158527339343,-4.11365890642628,4.88634109357372,0.888634109357372,0.935792636696715,0.288634109357372
"22",-0.552961196743484,0.742912590353171,12.3576978054052,2,-1,0.338869587830118,-4.98850576862299,4.38441407883305,0.814856066087069,0.95,0.184922750628578
"23",-0.631004301644862,0.835349354753271,13.9224892458878,1.89224892458878,-1.10775107541122,0.492248924588785,-4.43100430164486,4.56899569835514,0.856899569835514,0.896124462294392,0.256899569835514
"24",-0.544410456154912,0.744369707725209,12.2318058575025,2,-1,0.340973479827942,-5.30541625166946,4.44304166027902,0.8159109098959,0.95,0.185223895762039
"25",-0.623612765611816,0.74691879113448,11.3524545726506,1.88723392873173,-1,0.344128332094214,-5.33969205933248,4.42435958929159,0.817902065943625,0.95,0.185838641952261
"26",-0.653361657448113,0.831995751382783,13.8665958563797,1.88665958563797,-1.11334041436203,0.486659585637972,-4.45336165744811,4.54663834255189,0.854663834255189,0.893329792818986,0.254663834255189
"27",-0.664838997639596,0.743756250330564,11.5649460813094,1.87326124964301,-1,0.344532249081734,-5.28662842703646,4.42727107367785,0.817885816445968,0.95,0.185775655013918
"28",-0.801210582535714,0.809818412619643,13.4969735436607,1.84969735436607,-1.15030264563393,0.449697354366072,-4.60121058253571,4.39878941746429,0.839878941746429,0.874848677183036,0.239878941746429
"29",-0.641072685178369,0.833839097223245,13.8973182870541,1.88973182870541,-1.11026817129459,0.489731828705408,-4.44107268517837,4.55892731482163,0.855892731482163,0.894865914352704,0.255892731482163
"30",-0.542653116845906,0.741379486677228,12.3195376003968,2,-1,0.340242403545095,-6,4.59318699072476,0.815025417389843,0.95,0.184991725981542
"31",-0.556215462959741,0.739507066099406,12.4870351946528,2,-1,0.340352788822424,-6,4.59899019319247,0.814985206977835,0.95,0.184967829023726
"32",-0.576747095095304,0.73317701891746,12.8486327280893,2,-1,0.33855005732668,-4.65102459968962,4.30584389470388,0.814888181218385,0.95,0.184889474676254
"33",-0.558639630347954,0.745462409211344,12.0265946081037,1.9776870979005,-1,0.341437234482405,-5.33132818920431,4.44510776174251,0.816185577538215,0.95,0.185322353967373
"34",-0.545614471065244,0.734582074971997,12.5859282556685,2,-1,0.334848178312784,-5.56213306754038,4.52926396917696,0.812206324343792,0.95,0.184164227924422
"35",-0.544386642892246,0.742343634482743,12.3027826550591,2,-1,0.339439603244171,-5.19512249542762,4.42377181564801,0.815135158435475,0.95,0.185002468232538
"36",-0.815995975676924,0.807600603648461,13.4600100608077,1.84600100608077,-1.15399899391923,0.446001006080769,-4.61599597567692,4.38400402432308,0.838400402432308,0.873000503040384,0.238400402432308
"37",-0.55961688214286,0.737900083089114,12.571463129875,2,-1,0.338674644205696,-5.53397409468174,4.50959967216956,0.814341513071676,0.95,0.184779081416864
"38",-0.623111100026203,0.743425334554761,11.5733109908864,1.89692602920963,-1,0.342551188287803,-5.45818648204027,4.47068550757775,0.81668820319668,0.95,0.185420665636771
"39",-0.536660947384214,0.745739200285387,12.1221424226508,2,-1,0.341523680608899,-5.19090394071308,4.41237527699064,0.816346921922772,0.95,0.185360841415966
"40",-0.529934410119383,0.748936662200531,11.9588295752457,1.99942829982484,-1,0.342607951155049,-5.64255682406837,4.50547792333542,0.816669927568006,0.95,0.185481695405052
"41",-1.43734538745467,0.689994855634745,12.5612616605817,1.5,-1,0.33591804382978,-4.48376040982929,4.38012296600462,0.811802742034699,0.95,0.18375055593813
"42",-0.481475165858865,0.85777872512117,14.2963120853528,1.92963120853528,-1.07036879146472,0.529631208535284,-4.28147516585886,4.71852483414114,0.871852483414113,0.914815604267642,0.271852483414113
"43",-0.624726454643246,0.748870028969624,11.1810751461275,1.87575524717622,-1,0.343023078857137,-5.43968555245564,4.45746130289236,0.817090597343654,0.95,0.185584028796049
"44",-0.625070728835524,0.745300264898364,11.4439061423995,1.88905408366312,-1,0.341383087343333,-4.87974846525752,4.34018092246923,0.816490748936695,0.95,0.185320633273392
"45",-0.720182637809545,0.752058634398158,10.2824626599567,1.74686455295956,-1,0.345059585347313,-6,4.55562506941849,0.818040229739414,0.95,0.185888522677883
"46",-0.556210959931008,0.739281837284856,12.4932277871707,2,-1,0.340451976358342,-6,4.59834632983946,0.815045023773437,0.95,0.184984266368256
"47",-0.497978085000068,0.85530328724999,14.2550547874998,1.92550547874998,-1.07449452125002,0.525505478749983,-4.29797808500007,4.70202191499993,0.870202191499993,0.912752739374991,0.270202191499993
"48",-0.666195548612288,0.745271781607371,11.0811584970469,1.83316713609376,-1,0.340584788134479,-5.24855866753247,4.42566447040973,0.815837057773502,0.95,0.185216816719017
"49",-0.446362017001957,0.863045697449707,14.3840949574951,1.93840949574951,-1.06159050425049,0.538409495749511,-4.24636201700196,4.75363798299804,0.875363798299804,0.919204747874755,0.275363798299804
"50",-0.538495055054837,0.740733135625094,12.3167350926488,2,-1,0.337420003437127,-5.15080694261139,4.41826359797351,0.814090496625388,0.95,0.184723991784273
"51",-0.561526421199378,0.737310397361257,12.603367808305,2,-1,0.338852703090068,-5.45512602967915,4.49239372328962,0.81448536361207,0.95,0.184811577202282
"52",-0.571535462015874,0.750323428379884,11.7392280438097,1.95823809194828,-1,0.341156341570709,-4.75334354207081,4.31099486280517,0.816445865478528,0.95,0.185387377079339
"53",-0.549720480246708,0.731762565897218,12.7135636216908,2,-1,0.333848502845151,-5.72630563348811,4.56621625719438,0.811568957759005,0.95,0.183994782330706
"54",-0.386978633981198,0.87195320490282,14.532553415047,1.9532553415047,-1.0467446584953,0.5532553415047,-4.1869786339812,4.8130213660188,0.88130213660188,0.92662767075235,0.28130213660188
"55",-0.702080760896206,0.824687885865569,13.7447980977595,1.87447980977595,-1.12552019022405,0.474479809775949,-4.50208076089621,4.49791923910379,0.849791923910379,0.887239904887974,0.249791923910379
"56",-0.564084315082802,0.738380943789742,12.5918242636833,2,-1,0.338130666711309,-4.96203399091061,4.38300207455589,0.814428809413142,0.95,0.184786220565927
"57",-0.549113332871129,0.749729760169095,12.0743436283089,1.99964385954605,-1,0.345466490924776,-5.66771803466661,4.50276547437204,0.818207581782544,0.95,0.185935452130829
"58",-0.563808538359753,0.746749754010523,11.8729735212828,1.966375132226,-1,0.343379639389866,-5.17425332093934,4.39413431986591,0.81752695386956,0.95,0.185686663710333
"59",-0.678626679443943,0.751991167914896,10.5730629903668,1.79875364184313,-1,0.346903069941834,-5.70709703239,4.48876629929707,0.819273568114508,0.95,0.186226416951948
"60",-0.773425001464784,0.813986249780282,13.566437496338,1.8566437496338,-1.1433562503662,0.456643749633804,-4.57342500146478,4.42657499853522,0.842657499853522,0.878321874816902,0.242657499853522
"61",-0.373929221462458,0.873910616780631,14.5651769463439,1.95651769463439,-1.04348230536561,0.556517694634385,-4.17392922146246,4.82607077853754,0.882607077853754,0.928258847317193,0.282607077853754
"62",-0.472702464833856,0.859094630274922,14.3182438379154,1.93182438379154,-1.06817561620846,0.531824383791536,-4.27270246483386,4.72729753516614,0.872729753516615,0.915912191895768,0.272729753516614
"63",-0.968551808265136,0.709995962398089,12.3280181430503,1.7064534685539,-1,0.338725891962068,-5.93623750775548,4.64761998035178,0.813242613771526,0.95,0.184234808054582
"64",-0.233428167924285,0.894985774811357,14.9164295801893,1.99164295801893,-1.00835704198107,0.591642958018929,-4.03342816792428,4.96657183207572,0.896657183207572,0.945821479009464,0.296657183207572
"65",-0.404041794408113,0.869393730838783,14.4898955139797,1.94898955139797,-1.05101044860203,0.548989551397972,-4.20404179440811,4.79595820559189,0.879595820559189,0.924494775698986,0.279595820559189
"66",-0.506016431655735,0.85409753525164,14.2349589208607,1.92349589208607,-1.07650410791393,0.523495892086066,-4.30601643165573,4.69398356834427,0.869398356834427,0.911747946043033,0.269398356834426
"67",-0.327417876385152,0.880887318542227,14.6814553090371,1.96814553090371,-1.03185446909629,0.568145530903712,-4.12741787638515,4.87258212361485,0.887258212361485,0.934072765451856,0.287258212361485
"68",-0.481715767458081,0.857742634881288,14.2957105813548,1.92957105813548,-1.07042894186452,0.52957105813548,-4.28171576745808,4.71828423254192,0.871828423254192,0.91478552906774,0.271828423254192
"69",-0.448303868342191,0.862754419748671,14.3792403291445,1.93792403291445,-1.06207596708555,0.537924032914452,-4.24830386834219,4.75169613165781,0.875169613165781,0.918962016457226,0.275169613165781
"70",-0.6295290899463,0.835570636508055,13.9261772751343,1.89261772751343,-1.10738227248657,0.492617727513425,-4.4295290899463,4.5704709100537,0.85704709100537,0.896308863756712,0.25704709100537
"71",-0.5594856122703,0.737989922662532,12.5640647240762,2,-1,0.339796761951861,-6,4.60288187978008,0.814646374912247,0.95,0.184865743062472
"72",-0.561188690007478,0.73819840125948,12.5659405175822,2,-1,0.338635755956282,-4.63720345503159,4.29189649332422,0.815120612649924,0.95,0.184982251229541
"73",-0.576061816173297,0.745994163971145,11.8424523439897,1.95367942482434,-1,0.343171358214873,-6,4.58222015227368,0.816657429926562,0.95,0.185452796586191
"74",-0.772181166149676,0.814172825077549,13.5695470846258,1.85695470846258,-1.14304529153742,0.456954708462581,-4.57218116614968,4.42781883385032,0.842781883385032,0.87847735423129,0.242781883385032
"75",-0.736346186418086,0.819548072037287,13.6591345339548,1.86591345339548,-1.13408654660452,0.465913453395478,-4.53634618641809,4.46365381358191,0.846365381358191,0.882956726697739,0.246365381358191
"76",-0.513060097396374,0.853040985390544,14.2173497565091,1.92173497565091,-1.07826502434909,0.521734975650907,-4.31306009739637,4.68693990260363,0.868693990260363,0.910867487825453,0.268693990260363
"77",-0.632443969679171,0.746293393226235,11.3354334802295,1.87713549966357,-1,0.340617697548252,-5.29131773680256,4.4411810792477,0.815721369071609,0.95,0.185161817689746
"78",-0.526902066643578,0.752531022432068,11.8128061729703,2,-1,0.344708378609438,-5.32247125549653,4.41391116638093,0.818315232702988,0.95,0.185969041834789
"79",-0.663627966120839,0.830455805081874,13.8409300846979,1.88409300846979,-1.11590699153021,0.48409300846979,-4.46362796612084,4.53637203387916,0.853637203387916,0.892046504234895,0.253637203387916
"80",-0.720604709628969,0.821909293555655,13.6984882259276,1.86984882259276,-1.13015117740724,0.469848822592758,-4.52060470962897,4.47939529037103,0.847939529037103,0.884924411296379,0.247939529037103
"81",-0.547480657214613,0.744402682857307,12.2681544166339,2,-1,0.338750698761287,-5.02798762307523,4.39056388481318,0.814821236814245,0.95,0.18491013410094
"82",-0.400402761343867,0.86993958579842,14.4989930966403,1.94989930966403,-1.05010069033597,0.549899309664033,-4.20040276134387,4.79959723865613,0.879959723865613,0.924949654832017,0.279959723865613
"83",-0.405880973488092,0.869117853976786,14.4852975662798,1.94852975662798,-1.05147024337202,0.548529756627977,-4.20588097348809,4.79411902651191,0.879411902651191,0.924264878313988,0.279411902651191
"84",-0.469063850864768,0.859640422370285,14.3273403728381,1.93273403728381,-1.06726596271619,0.532734037283808,-4.26906385086477,4.73093614913523,0.873093614913523,0.916367018641904,0.273093614913523
"85",-0.538056705111511,0.741382876009594,12.2603824546165,2,-1,0.342405525188353,-5.33629603815494,4.43176722270892,0.816910815282178,0.95,0.18552136253954
"86",-0.549540311015258,0.742980750865737,12.3136959399265,2,-1,0.340756057124986,-4.95489969963771,4.36046521922534,0.816088194881447,0.95,0.185279791915113
"87",-0.559347079799017,0.737971568373732,12.5697317898788,2,-1,0.337764703375098,-5.15512312414349,4.42765228008262,0.814116755907771,0.95,0.184713924848663
"88",-0.568253009150331,0.73294741608258,12.7943838618695,2,-1,0.339234530478686,-5.78694987381081,4.5688210890235,0.81435225473788,0.95,0.184660829300444
"89",-0.575187458470464,0.84372188122943,14.0620313538238,1.90620313538238,-1.09379686461762,0.506203135382384,-4.37518745847046,4.62481254152954,0.862481254152954,0.903101567691192,0.262481254152954
"90",-0.58319124648205,0.749974928491058,11.4592910917099,1.92773698660662,-1,0.343341384316098,-5.38143348765638,4.4421376831428,0.817332795445943,0.95,0.185661264396976
"91",-0.587771194119867,0.731633916939054,12.9422103505719,1.99609321361864,-1,0.337500402540775,-4.74283783089322,4.3432327744153,0.814053716832105,0.95,0.184643117335989
"92",-0.656871293924343,0.749960232213249,10.8745617327808,1.83221399996679,-1,0.342899253270703,-5.40078923128378,4.44830811570949,0.817066512851167,0.95,0.18556962239443
"93",-0.53137846468474,0.745662247500464,12.0952688293785,2,-1,0.339197929001702,-5.18955415474211,4.41387197414165,0.815166495712448,0.95,0.185047397344748
"94",-0.533509561960238,0.747418601876023,12.0419119393965,2,-1,0.342132085457516,-5.380145229882,4.44845190994221,0.816622626999554,0.95,0.185463572935781
"95",-0.582550092389789,0.723481717091939,13.2287226254584,2,-1,0.334224714250617,-5.16070913495146,4.44886354464493,0.812035436820038,0.95,0.184074655051271
"96",-0.66826079739755,0.747241126715233,11.0269610139149,1.83201653972874,-1,0.341639437750195,-5.34163062014739,4.44765413432797,0.816272971458767,0.95,0.18534068152931
"97",-0.468962372560054,0.859655644115992,14.3275940685999,1.93275940685999,-1.06724059314001,0.532759406859986,-4.26896237256005,4.73103762743995,0.873103762743995,0.916379703429993,0.273103762743995
"98",-0.658247986622155,0.831262802006677,13.8543800334446,1.88543800334446,-1.11456199665554,0.485438003344461,-4.45824798662215,4.54175201337785,0.854175201337785,0.892719001672231,0.254175201337785
"99",-0.792964810656558,0.747360189659894,10.3240983489352,1.69929265911732,-1,0.344476825691856,-6,4.57373767884668,0.817445008580794,0.95,0.185652580515895
"100",-0.552160073583407,0.7431805830166,12.2344312633853,1.99125605722023,-1,0.338735044565941,-5.35713699660675,4.46742355063647,0.814549686103202,0.95,0.184839121578284
"101",-0.575863192853525,0.720179743385549,13.272677887853,2,-1,0.334728125652463,-5.00081978167153,4.41325496434206,0.812370543226535,0.95,0.184129060972391
"102",-0.222665602620691,0.896600159606896,14.9433359934483,1.99433359934483,-1.00566640065517,0.594333599344827,-4.02266560262069,4.97733439737931,0.897733439737931,0.947166799672414,0.297733439737931
"103",-0.883693729378663,0.737178576593022,10.7369474223872,1.66679083540725,-1,0.340325767437196,-5.52095865100014,4.51023247941417,0.815109265939356,0.95,0.184937265730324
"104",-0.607976991798429,0.752367915750537,11.0402332356046,1.88275582743987,-1,0.345010728015223,-6,4.56150586706264,0.817916223911375,0.95,0.18585184467352
"105",-0.686915455199778,0.826962681720033,13.7827113620006,1.87827113620006,-1.12172886379994,0.478271136200055,-4.48691545519978,4.51308454480022,0.851308454480022,0.889135568100028,0.251308454480022
"106",-0.556941849661841,0.739293107501299,12.5104985575993,2,-1,0.338679188166315,-6,4.60640268647093,0.814035243897133,0.95,0.184711210701501
"107",-0.650134163379636,0.743990421908535,11.4901283469285,1.87399201337292,-1,0.339963248860611,-5.51417126254967,4.49195288261449,0.815215373306417,0.95,0.185080030413085
"108",-0.381908190716058,0.872713771392591,14.5452295232099,1.95452295232099,-1.04547704767901,0.554522952320985,-4.18190819071606,4.81809180928394,0.881809180928394,0.927261476160493,0.281809180928394
"109",-0.561048786682917,0.737385046968553,12.5960783609722,2,-1,0.339190514919439,-5.5830965452983,4.51880843164993,0.814585426648936,0.95,0.184836722536811
"110",-0.678367733142228,0.743471760628622,11.3256228176165,1.84338350139153,-1,0.341802339144294,-5.30060604767573,4.4419639580602,0.81632466574674,0.95,0.185323674084988
"111",-0.56082236841321,0.845876644738018,14.097944078967,1.9097944078967,-1.0902055921033,0.509794407896697,-4.36082236841321,4.63917763158679,0.863917763158679,0.904897203948349,0.263917763158679
"112",-0.397159920819104,0.870426011877134,14.5071001979522,1.95071001979522,-1.04928998020478,0.550710019795224,-4.1971599208191,4.8028400791809,0.88028400791809,0.925355009897612,0.28028400791809
"113",-0.608806330990046,0.838679050351493,13.9779841725249,1.89779841725249,-1.10220158274751,0.497798417252488,-4.40880633099005,4.59119366900995,0.859119366900995,0.898899208626244,0.259119366900995
"114",-0.719751883577555,0.822037217463367,13.7006202910561,1.87006202910561,-1.12993797089439,0.470062029105611,-4.51975188357756,4.48024811642244,0.848024811642244,0.885031014552806,0.248024811642244
"115",-0.59282624842599,0.841076062736101,14.017934378935,1.9017934378935,-1.0982065621065,0.501793437893502,-4.39282624842599,4.60717375157401,0.860717375157401,0.900896718946751,0.260717375157401
"116",-0.517944467022693,0.750576351442262,11.8124622726543,2,-1,0.342576401678263,-5.1287535510478,4.37928645715089,0.817238689050536,0.95,0.185653538083904
"117",-0.598407085089512,0.742165191260425,12.0133396416582,1.94375871408304,-1,0.341394056956635,-6,4.59504363553284,0.815564827317254,0.95,0.185124446428095
"118",-0.717135622286185,0.744313497436463,10.9666210546951,1.79136790329575,-1,0.340434425114858,-5.34753390325723,4.46254591188186,0.815441805571486,0.95,0.185051590537812
"119",-0.53551522820437,0.74812305236055,12.0203816379568,2,-1,0.344711174303022,-5.50233375609517,4.46230813012688,0.818035228892296,0.95,0.185864456868006
"120",-0.536436728946865,0.84953449065797,14.1589081776328,1.91589081776328,-1.08410918223672,0.515890817763284,-4.33643672894686,4.66356327105314,0.866356327105314,0.907945408881642,0.266356327105314
"121",-0.400805803760886,0.869879129435867,14.4979854905978,1.94979854905978,-1.05020145094022,0.549798549059778,-4.20080580376089,4.79919419623911,0.879919419623911,0.924899274529889,0.279919419623911
"122",-0.776935401652008,0.813459689752199,13.55766149587,1.855766149587,-1.144233850413,0.455766149586998,-4.57693540165201,4.42306459834799,0.842306459834799,0.877883074793499,0.242306459834799
"123",-0.561808706540614,0.845728694018908,14.0954782336485,1.90954782336485,-1.09045217663515,0.509547823364846,-4.36180870654061,4.63819129345939,0.863819129345939,0.904773911682423,0.263819129345939
"124",-0.36627665841952,0.875058501237072,14.5843083539512,1.95843083539512,-1.04156916460488,0.55843083539512,-4.16627665841952,4.83372334158048,0.883372334158048,0.92921541769756,0.283372334158048
"125",-0.559933846164495,0.846009923075326,14.1001653845888,1.91001653845888,-1.08998346154112,0.510016538458876,-4.35993384616449,4.64006615383551,0.864006615383551,0.905008269229438,0.264006615383551
"126",-0.546592076465448,0.749818126407702,11.9366497890434,1.98997564281861,-1,0.344461300161486,-5.70391558267427,4.51164728530442,0.817661515281382,0.95,0.185765979851191
"127",-0.366021295357496,0.875096805696376,14.5849467616063,1.95849467616063,-1.04150532383937,0.558494676160626,-4.1660212953575,4.8339787046425,0.88339787046425,0.929247338080313,0.28339787046425
"128",-0.507703129673016,0.735785439611942,12.2343690394393,2,-1,0.335491573698012,-5.36384728934616,4.46021727649775,0.813096737039481,0.948676351983556,0.184233144211749
"129",-1.11083374891429,0.716186977655716,11.1887200905409,1.55943298758627,-1,0.335489750912977,-5.21411504882547,4.49397975304934,0.812085104546366,0.95,0.183921857092458
"130",-0.613067258894444,0.838039911165834,13.9673318527639,1.89673318527639,-1.10326681472361,0.496733185276389,-4.41306725889444,4.58693274110556,0.858693274110556,0.898366592638195,0.258693274110556
"131",-0.550931625728425,0.740251586790885,12.4148596747991,2,-1,0.340591747400706,-5.35233046618596,4.45967773374749,0.815584778435094,0.95,0.185097372591426
"132",-0.537389345099044,0.745916404018286,12.1263589867872,2,-1,0.341492389891612,-5.55814373231748,4.49573711615472,0.816035473715415,0.95,0.185250684471387
"133",-0.821356466660978,0.745138891761015,10.3007733572181,1.67648037768892,-1,0.341670526223659,-5.07550801378463,4.38364818164625,0.81653921473814,0.95,0.185379572371027
"134",-0.582884164806455,0.842567375279032,14.0427895879839,1.90427895879839,-1.09572104120161,0.504278958798386,-4.38288416480646,4.61711583519354,0.861711583519355,0.902139479399193,0.261711583519354
"135",-0.601898874238969,0.750744727192947,11.2361487827154,1.89903825146171,-1,0.343279367396019,-5.41084592239293,4.447407267995,0.817302197582535,0.95,0.185673860331917
"136",-0.519726376675492,0.74517669020051,12.0065868619984,2,-1,0.341660039745429,-6,4.5768025080925,0.815998973912135,0.95,0.185285187855574
"137",-0.259392259921879,0.891091161011718,14.8515193501953,1.98515193501953,-1.01484806498047,0.58515193501953,-4.05939225992188,4.94060774007812,0.894060774007812,0.942575967509765,0.294060774007812
"138",-0.218862651195377,0.897170602320693,14.9528433720116,1.99528433720116,-1.00471566279884,0.595284337201156,-4.01886265119538,4.98113734880462,0.898113734880462,0.947642168600578,0.298113734880462
"139",-0.466685924958438,0.859997111256234,14.3332851876039,1.93332851876039,-1.06667148123961,0.533328518760391,-4.26668592495844,4.73331407504156,0.873331407504156,0.916664259380195,0.273331407504156
"140",-1.00375835343061,0.715700522061289,11.825392800564,1.66083053596978,-1,0.339724325436126,-5.97068005069676,4.64682919210586,0.813836704826539,0.95,0.184462704416761
"141",-1.25758633750393,0.741932885775881,10.3802544610637,1.5,-1,0.407213850811809,-4.03895396160741,3.69105259950977,0.859188097261066,0.95,0.200943085675701
"142",-0.514022144074488,0.754758402574216,11.643278002645,1.99996009283191,-1,0.345124874087035,-6,4.55834691010579,0.81802644726299,0.95,0.185914043496102
"143",-0.486343400832266,0.85704848987516,14.2841414979193,1.92841414979193,-1.07158585020807,0.528414149791934,-4.28634340083227,4.71365659916773,0.871365659916773,0.914207074895967,0.271365659916773
"144",-0.552065440732986,0.847190183890052,14.1198363981675,1.91198363981675,-1.08801636018325,0.511983639816754,-4.35206544073299,4.64793455926701,0.864793455926701,0.905991819908377,0.264793455926701
"145",-0.541283910585518,0.745534214027689,12.1583772148047,1.99839853176628,-1,0.339427876213987,-5.12975053672182,4.40749715276544,0.815198124353409,0.95,0.18506025831246
"146",-0.647151113978584,0.751506883115716,10.9310016872458,1.84378604015013,-1,0.336795114221967,-5.06353050334131,4.40262188064731,0.813763067385306,0.95,0.184658723029399
"147",-0.93785367075409,0.729096698838612,11.3239988745607,1.67229266309957,-1,0.333190439025946,-6,4.65471487111007,0.810553165729425,0.95,0.183757427966739
"148",-0.571888503829038,0.745969156385212,12.3806087126957,2,-1,0.344410308288061,-5.01404595254332,4.36751923495534,0.8179739193983,0.95,0.185822013590333
"149",-0.220023769233376,0.896996434614994,14.9499405769166,1.99499405769166,-1.00500594230834,0.594994057691656,-4.02002376923338,4.97997623076662,0.897997623076662,0.947497028845828,0.297997623076662
"150",-0.607761412911951,0.747404358202183,11.6156587115541,1.9171728483803,-1,0.339985732531758,-6,4.60648075252136,0.814677256388792,0.95,0.184884502022755
"151",-0.666960918120852,0.741116530735792,11.5603320104016,1.86493343501379,-1,0.342421181867258,-5.0188286216163,4.37465755346572,0.816880762870888,0.95,0.185460065001264
"152",-0.296137640066445,0.885579353990033,14.7596558998339,1.97596558998339,-1.02403441001661,0.575965589983389,-4.09613764006644,4.90386235993356,0.890386235993356,0.937982794991694,0.290386235993356
"153",-0.539397528402515,0.748285778363755,11.9920547319035,1.9958674029092,-1,0.345472312945735,-6,4.55652394579692,0.818233911719702,0.95,0.185999942701955
"154",-0.592323738045442,0.725208154017792,13.2532436404694,2,-1,0.335634654354326,-5.94422602328969,4.62284512306678,0.812121544898664,0.95,0.184101408616856
"155",-0.335187407955527,0.879721888806671,14.6620314801112,1.96620314801112,-1.03379685198888,0.566203148011118,-4.13518740795553,4.86481259204447,0.886481259204447,0.933101574005559,0.286481259204447
"156",-0.501829942967743,0.854725508554839,14.2454251425806,1.92454251425806,-1.07545748574194,0.524542514258064,-4.30182994296774,4.69817005703226,0.869817005703226,0.912271257129032,0.269817005703226
"157",-0.586926679159609,0.750065422648617,11.5267789912154,1.9317018178012,-1,0.343862758990152,-5.06712327329691,4.36840524454092,0.817861627796453,0.95,0.185798734723408
"158",-0.627669219902562,0.752654735689151,10.8530325706485,1.85401685006177,-1,0.343233730003862,-6,4.57057801179822,0.816881128342789,0.95,0.185560903468509
"159",-0.802882332168519,0.809567650174722,13.4927941695787,1.84927941695787,-1.15072058304213,0.44927941695787,-4.60288233216852,4.39711766783148,0.839711766783148,0.874639708478935,0.239711766783148
"160",-0.568172492841458,0.746680256648619,11.7890503655466,1.95512903176894,-1,0.341530456909765,-6,4.58677648559123,0.81576833217595,0.95,0.185229882811449
"161",-0.545815783354304,0.745409885292112,12.2176474346034,2,-1,0.34089812727447,-6,4.59412579264833,0.815333508114325,0.95,0.185087539833832
"162",-0.551286090910435,0.847307086363435,14.1217847727239,1.91217847727239,-1.08782152272761,0.512178477272391,-4.35128609091043,4.64871390908957,0.864871390908956,0.906089238636196,0.264871390908957
"163",-0.564669811166679,0.749567211906903,11.6623073381363,1.95530396536506,-1,0.343027289886925,-5.09754268687039,4.37777870234524,0.817385505487839,0.95,0.185674497635187
"164",-0.779418974928558,0.813087153760716,13.5514525626786,1.85514525626786,-1.14485474373214,0.455145256267861,-4.57941897492856,4.42058102507144,0.842058102507144,0.87757262813393,0.242058102507144
"165",-0.552519405797523,0.738460761739573,12.4941558514869,2,-1,0.338106316985044,-4.90949010987444,4.36264429501562,0.814588565755024,0.95,0.184835472555697
"166",-0.62063391289267,0.745605325759188,11.4623354949361,1.89360163974778,-1,0.340934903554343,-5.27862956569825,4.43203587432536,0.815996248670114,0.95,0.185276168765535
"167",-0.561430218227912,0.735490010368908,12.6641595028356,2,-1,0.338698226082144,-6,4.60836656348933,0.814013472644451,0.95,0.184678886543833
"168",-0.81383509542793,0.80792473568581,13.4654122614302,1.84654122614302,-1.15345877385698,0.446541226143017,-4.61383509542793,4.38616490457207,0.838616490457207,0.873270613071509,0.238616490457207
"169",-0.556733528465783,0.740041507946552,12.4721243897331,2,-1,0.339918525194051,-5.28912308340593,4.449504497776,0.815230244176579,0.95,0.185011817258357
"170",-0.811656141764211,0.739083104574308,10.7951383303703,1.71419820295842,-1,0.34296510945132,-6,4.59111429034257,0.81640861230601,0.95,0.185317926650413
"171",-0.545810505095869,0.84812842423562,14.1354737372603,1.91354737372603,-1.08645262627397,0.513547373726033,-4.34581050509587,4.65418949490413,0.865418949490413,0.906773686863016,0.265418949490413
"172",-0.435885549336672,0.864617167599499,14.4102861266583,1.94102861266583,-1.05897138733417,0.541028612665832,-4.23588554933667,4.76411445066333,0.876411445066333,0.920514306332916,0.276411445066333
"173",-0.605221204663761,0.751102406976712,11.1949570210413,1.894630753571,-1,0.342931762376332,-4.7265398908134,4.28359355362781,0.817710033636018,0.95,0.185749380307795
"174",-0.551513312515316,0.739528013921057,12.4492976826668,2,-1,0.340156403901667,-6,4.59730047629929,0.814915487618243,0.95,0.184945861178392
"175",-0.638408400863409,0.834238739870489,13.9039789978415,1.89039789978415,-1.10960210021585,0.490397899784148,-4.43840840086341,4.56159159913659,0.856159159913659,0.895198949892074,0.256159159913659
"176",-0.655875068902969,0.831618739664555,13.8603123277426,1.88603123277426,-1.11396876722574,0.486031232774258,-4.45587506890297,4.54412493109703,0.854412493109703,0.893015616387129,0.254412493109703
"177",-1.22343475313324,0.738623097683534,10.5454637849466,1.5,-1.02911221784096,0.342277777458048,-5.80529299052577,4.49710406027336,0.825921215772344,0.95,0.188022166255102
"178",-1.03569329300499,0.737555206934443,10.1050027625219,1.53354463255799,-1,0.334852133456874,-4.36871397080298,4.2441064989227,0.813080136058159,0.95,0.184322554865443
"179",-0.402253680676222,0.869661947898567,14.4943657983094,1.94943657983094,-1.05056342016906,0.549436579830945,-4.20225368067622,4.79774631932378,0.879774631932378,0.924718289915472,0.279774631932378
"180",-0.597828304814757,0.750151312926248,11.5410722676438,1.92695918757521,-1,0.34484647246474,-4.71225176868702,4.28280028409934,0.818621126364625,0.95,0.18599501172716
"181",-0.356020803377032,0.876596879493445,14.6099479915574,1.96099479915574,-1.03900520084426,0.560994799155742,-4.15602080337703,4.84397919662297,0.884397919662297,0.930497399577871,0.284397919662297
"182",-0.562473084237462,0.734765531630203,12.6913938922647,2,-1,0.338300073573871,-5.2828771321872,4.45486055278377,0.814321869814915,0.95,0.184740557674074
"183",-0.201546606421471,0.899768009036779,14.9961334839463,1.99961334839463,-1.00038665160537,0.599613348394632,-4.00154660642147,4.99845339357853,0.899845339357853,0.949806674197316,0.299845339357853
"184",-0.642168741461532,0.748802755846,11.1488107844492,1.862617728762,-1,0.341208178589823,-4,4.08696138408701,0.817499750669883,0.95,0.185660792790059
"185",-0.523841998207213,0.752820535123103,11.7901098062239,2,-1,0.343746543538863,-5.77370946882892,4.52260545667116,0.817320296525915,0.95,0.185720128142138
"186",-0.702420812114747,0.744474467957996,11.2006524107739,1.82160405049712,-1,0.343905854176003,-6,4.58571004359374,0.81696382595321,0.95,0.18550853566583
"187",-0.528916796882058,0.753094156479627,11.8087758584359,2,-1,0.345410383382272,-5.36009907668873,4.42589182299587,0.818573494956413,0.95,0.186057016147085
"188",-0.562756086862531,0.736734051325792,12.6333228469633,2,-1,0.338160488713102,-5.17739834908221,4.43277359498656,0.814296302362856,0.95,0.184746587897713
"189",-0.519621033797278,0.743328001611828,12.0573910685643,2,-1,0.342235610631315,-5.85523776843978,4.54401435717205,0.816439421934814,0.95,0.185399222415291
"190",-0.599180860570425,0.726614462097909,13.2408073888621,2,-1,0.338055420884763,-5.17666601060423,4.44030338337825,0.814119445098955,0.95,0.18466217651088
"191",-0.595246159021543,0.722732078207103,13.3364114360359,2,-1,0.336119630091209,-4.84698607661715,4.36192578982627,0.813416377704267,0.95,0.18453802120128
"192",-0.526311060420051,0.751881331005276,11.7880778557608,2,-1,0.350655784114998,-5.51875608723687,4.42088455496679,0.821765155221682,0.95,0.18702966567288
"193",-1.04237176994733,0.734511209991295,10.3366456472794,1.54998200290183,-1,0.345667051082924,-5.97125984512753,4.5814543760748,0.817833848229858,0.95,0.185659502387992
"194",-0.578606974384246,0.725380895984421,13.1180145394801,2,-1,0.338086457360931,-5.99616420790408,4.60925074949457,0.813689306164716,0.95,0.18454871856186
"195",-0.762947242849481,0.75655032354488,10,1.70504792112442,-1,0.344286315179699,-5.78343579726666,4.52490466503615,0.81757345079787,0.95,0.185757452887233
"196",-0.746672558235906,0.745645008851606,10.8638959332453,1.76983387791684,-1,0.340880906130389,-4.00027086739422,4.10200326624693,0.817063822099052,0.95,0.18546811273318
"197",-0.63055907721242,0.74340362661859,11.4684163552954,1.88854544675002,-1,0.349448418109441,-4.32754090943448,4.12796928834708,0.822233192021703,0.95,0.187056009992462
"198",-0.738704923218696,0.749480462848504,10.4456198873832,1.74529700216651,-1,0.344520286196537,-6,4.57129650984355,0.817507366174565,0.95,0.185686759072059
"199",-0.588006537268284,0.717726939924755,13.4707135640907,2,-1,0.3297840142149,-4.24336594658679,4.22653050868951,0.810412532500849,0.95,0.183603148825007
"200",-0.348703814484179,0.877694427827373,14.6282404637896,1.96282404637896,-1.03717595362104,0.562824046378955,-4.14870381448418,4.85129618551582,0.885129618551582,0.931412023189478,0.285129618551582
"201",-0.642325037471381,0.734041828473299,11.1316389104357,1.82767986777801,-1,0.342769735836021,-5.26357242050056,4.41138913680718,0.817213474904148,0.95,0.185500067693003
"202",-0.582081740524205,0.727295689417392,13.1161121973025,2,-1,0.332582860232559,-4.72122578803894,4.35742265814696,0.811315048565318,0.95,0.183857044585501
"203",-0.736763151176274,0.819485527323559,13.6580921220593,1.86580921220593,-1.13419078779407,0.465809212205932,-4.53676315117627,4.46323684882373,0.846323684882373,0.882904606102966,0.246323684882373
"204",-0.585395520920375,0.750757218073283,11.3955852990877,1.92287715185506,-1,0.344185334891117,-6,4.57160059472018,0.81733660555287,0.95,0.185670102677298
"205",-0.561357168054683,0.7372742167158,12.603776666653,2,-1,0.338747761941511,-5.44903883002231,4.49148102429302,0.81443068072951,0.95,0.184794474407193
"206",-0.700078025584858,0.741624684384105,11.4463201463033,1.83610483037615,-1,0.340325032631799,-5.57778035609947,4.51428003132131,0.815205392908245,0.95,0.185008238210726
"207",-0.713569640309198,0.745590386887683,10.8574907049748,1.78722378662242,-1,0.342219102894269,-5.97605419063477,4.57715660456542,0.816205133953872,0.95,0.185329645293625
"208",-0.783160151727498,0.812525977240875,13.5420996206813,1.85420996206813,-1.14579003793187,0.454209962068126,-4.5831601517275,4.4168398482725,0.84168398482725,0.877104981034063,0.24168398482725
"209",-0.543645247314964,0.7487089270684,12.0654147611238,1.99898202175731,-1,0.343964465194477,-6,4.57704977910225,0.81713719112262,0.95,0.185620211191183
"210",-0.620873853354567,0.749355486357683,11.1224121077627,1.87642414641272,-1,0.347896327854741,-5.97667739108285,4.53944178713119,0.819663675116248,0.95,0.186360281502783
"211",-0.843555506244851,0.738054386944521,10.7485379339735,1.69044272333953,-1,0.341316411603076,-6,4.60110121125646,0.815426667165487,0.95,0.185030216305857
"212",-0.32043040804565,0.881935438793153,14.6989239798859,1.96989239798859,-1.03010760201141,0.569892397988588,-4.12043040804565,4.87956959195435,0.887956959195435,0.934946198994294,0.287956959195435
"213",-0.578196104895323,0.843270584265701,14.0545097377617,1.90545097377617,-1.09454902622383,0.505450973776169,-4.37819610489532,4.62180389510468,0.862180389510468,0.902725486888085,0.262180389510468
"214",-0.549344200832499,0.745255199090689,12.2402017591079,1.99997849749062,-1,0.341226996315899,-5.10864643071818,4.39510368719996,0.816232804917005,0.95,0.185346594355802
"215",-0.560218608818433,0.743375758096439,12.3810421770907,2,-1,0.343331495494378,-6,4.58729334116392,0.816654366085697,0.95,0.185459161936949
"216",-0.628068797643559,0.748352129341977,11.2781409120893,1.88073420258566,-1,0.34198532597276,-4.86972335935503,4.32688550465296,0.816987717481783,0.95,0.185555419097761
"217",-0.73165526829918,0.745845081470062,10.7435830621087,1.76919061239049,-1,0.345571679503924,-5.55848526995481,4.47241288718359,0.818456168543753,0.95,0.185927952351313
"218",-0.578410910754771,0.746080073445462,11.9588067539673,1.95501558955698,-1,0.32559703564062,-4,4.14364771291844,0.808812806552806,0.948758374200329,0.183352537706733
"219",-0.301012439467013,0.884848134079948,14.7474689013325,1.97474689013325,-1.02525310986675,0.574746890133247,-4.10101243946701,4.89898756053299,0.889898756053299,0.937373445066623,0.289898756053299
"220",-0.563260255503658,0.742347378633694,12.3520364612449,1.99284823319457,-1,0.34081144683564,-4.98866469775156,4.37199835846461,0.816030154211562,0.95,0.185260035464598
"221",-0.712054814491421,0.823191777826287,13.7198629637714,1.87198629637714,-1.12801370362286,0.471986296377145,-4.51205481449142,4.48794518550858,0.848794518550858,0.885993148188572,0.248794518550858
"222",-0.406481760367751,0.869027735944837,14.4837955990806,1.94837955990806,-1.05162044009194,0.548379559908062,-4.20648176036775,4.79351823963225,0.879351823963225,0.924189779954031,0.279351823963225
"223",-0.551319530203718,0.74248216133302,12.3463943444841,2,-1,0.339774375388506,-4.55030184037856,4.26423930139263,0.815845128573864,0.95,0.185178991495548
"224",-0.301897332817316,0.884715400077403,14.7452566679567,1.97452566679567,-1.02547433320433,0.574525666795671,-4.10189733281732,4.89810266718268,0.889810266718268,0.937262833397835,0.289810266718268
"225",-0.391095996182412,0.871335600572638,14.522260009544,1.9522260009544,-1.0477739990456,0.552226000954397,-4.19109599618241,4.80890400381759,0.880890400381759,0.926113000477198,0.280890400381759
"226",-0.619886956198879,0.73008611228919,13.2990893629005,2,-1,0.336964169659981,-4.01558325531563,4.15256795666535,0.81430316532998,0.95,0.184675094285103
"227",-0.689370101125792,0.741009834373885,11.7076961457724,1.86423364463079,-1,0.34200168738292,-4.35923691514643,4.20523180042129,0.817258254948699,0.95,0.185582296880859
"228",-0.477990790084004,0.858301381487399,14.30502302479,1.930502302479,-1.069497697521,0.530502302478999,-4.277990790084,4.722009209916,0.8722009209916,0.915251151239499,0.2722009209916
"229",-0.607144642933553,0.719819062885401,13.5529079318617,2,-1,0.332416942159936,-4.64070177173627,4.3518328619332,0.811051497416003,0.95,0.183723582999028
"230",-0.236961175967008,0.894455823604949,14.9075970600825,1.99075970600825,-1.00924029399175,0.590759706008248,-4.03696117596701,4.96303882403299,0.896303882403299,0.945379853004124,0.296303882403299
"231",-0.698023490086138,0.745336992816669,10.9970396169456,1.80801882724138,-1,0.341020592157598,-4.74544553440571,4.30424380504936,0.816469504943707,0.95,0.185365750835081
"232",-0.675652958208234,0.751614861631734,10.6524623302625,1.8057748320985,-1,0.345182328580394,-6,4.56221782887443,0.81798917773093,0.95,0.185857880533302
"233",-0.231358697451651,0.895296195382252,14.9216032563709,1.99216032563709,-1.00783967436291,0.592160325637087,-4.03135869745165,4.96864130254835,0.896864130254835,0.946080162818544,0.296864130254835
"234",-0.557870160650572,0.738768171611458,12.5245334597122,2,-1,0.3397746529,-5.71736683624071,4.54256256754819,0.814861350177659,0.95,0.184932166164595
"235",-1.13320693586112,0.746124164283789,10.0061166854826,1.5,-1,0.353990244534791,-6,4.57717533935744,0.822121954906854,0.95,0.18683574016577
"236",-0.519324748293329,0.752111564574871,11.6694371112895,1.99123079701566,-1,0.341233907351051,-4.29451122440429,4.1694697974512,0.817257155662221,0.95,0.185618607850019
"237",-0.684281989081345,0.748200306135622,10.8253041721549,1.80827255869013,-1,0.343331574759468,-4.99229230234666,4.34630003814414,0.817734471470914,0.95,0.1857582232212
"238",-0.729933811661639,0.754693763769395,10.2388859516605,1.74525286545849,-1,0.349961130846118,-6,4.52995255016295,0.820917382172947,0.95,0.186737124403985
"239",-0.556523832620998,0.73733090406947,12.5651952390287,2,-1,0.338934357401486,-5.91889420068817,4.58856511971706,0.814238785505318,0.95,0.184754728941933
"240",-0.795256804488599,0.81071147932671,13.5118579887785,1.85118579887785,-1.14881420112215,0.45118579887785,-4.5952568044886,4.4047431955114,0.84047431955114,0.875592899438925,0.24047431955114
"241",-0.610035231664303,0.753214383770917,11.0399527655978,1.88364278776787,-1,0.34440896442556,-4.97843000062189,4.34755323052982,0.818195936234965,0.95,0.185852009811806
"242",-1.07488869526774,0.741525222629464,10.0796264590024,1.5,-1,0.275995120770958,-4.72099360928509,4.63142503587169,0.779806365573366,0.95,0.176832243196095
"243",-0.650962523058348,0.736192139061442,12.3866391895641,1.92894002856458,-1,0.340940958583001,-4.56474849061353,4.28171841898354,0.816173837417963,0.95,0.185245855080562
"244",-0.656977250465754,0.749737684314888,11.1014804020553,1.85132010315059,-1,0.342724251830701,-5.31879770281044,4.43810051154251,0.816902746641923,0.95,0.185546317273828
"245",-0.551370479689497,0.749204038510409,11.7626789115145,1.97074309493155,-1,0.343560758186094,-6,4.57440090655992,0.816980657833722,0.95,0.185576341148532
"246",-0.807059503179308,0.734130747059724,11.1358390249048,1.74453713841505,-1,0.362432660788301,-6,4.55260670352545,0.826750480315105,0.95,0.187827755756024
"247",-0.582548996638964,0.74623350011813,11.7385441167477,1.94255934457901,-1,0.343587278343915,-5.10997560069844,4.38351370172279,0.817603084805462,0.95,0.185652027765022
"248",-0.726918498967665,0.754019726584516,10.1096031399117,1.73089781373855,-1,0.34440898328254,-5.68081771783802,4.49283645169388,0.817887860845716,0.95,0.185847665757264
"249",-0.666093173563957,0.745255308939778,11.3648834170642,1.85871556894026,-1,0.343031409417173,-4.92592080361231,4.34427803102005,0.817395696337523,0.95,0.185630364846992
"250",-0.542282598727382,0.744484473435494,12.2116792035029,2,-1,0.341342587251402,-5.75877223290173,4.5377892271441,0.815832328117494,0.95,0.185246214638835
"251",-0.593224423214511,0.745408741063267,11.693164404272,1.93043850915149,-1,0.343462080848103,-4.92513851988124,4.33797550215552,0.817716074514761,0.95,0.18571572960718
"252",-0.537379477720918,0.758432061206028,11.1499075507881,1.95451963021439,-1,0.349526980816684,-5.99672014758133,4.53429869519322,0.820614233515014,0.95,0.18661499731672
"253",-0.624394458997995,0.836340831150301,13.939013852505,1.8939013852505,-1.1060986147495,0.493901385250501,-4.42439445899799,4.57560554100201,0.8575605541002,0.896950692625251,0.257560554100201
"254",-0.509476513415575,0.853578522987664,14.2263087164611,1.92263087164611,-1.07736912835389,0.522630871646106,-4.30947651341558,4.69052348658442,0.869052348658442,0.911315435823053,0.269052348658443
"255",-1.32083443682535,0.722982364068943,11.3803616366017,1.50944985168145,-1,0.366803479109354,-5.73124741607447,4.49098267511405,0.829246507287378,0.95,0.188611988593224
"256",-0.541012638503728,0.741342815336669,12.3154452369456,2,-1,0.336935405395612,-4.51182296239781,4.26094859974518,0.814357331456044,0.95,0.184766738910813
"257",-0.596938853730381,0.745827525448011,11.7031914189117,1.9292074245246,-1,0.341816717130375,-4.80872601485021,4.31774001011235,0.816851801863789,0.95,0.185494783646779
"258",-0.553465364892788,0.742744047463799,12.2300113715736,1.99022258161635,-1,0.34167392826789,-6,4.5882868581223,0.815816677687511,0.95,0.185251866248843
"259",-0.458201483171433,0.861269777524285,14.3544962920714,1.93544962920714,-1.06455037079286,0.535449629207142,-4.25820148317143,4.74179851682857,0.874179851682857,0.917724814603571,0.274179851682857
"260",-0.559889641001502,0.737920636696957,12.5745177232403,2,-1,0.337793142024226,-5.05325919664189,4.40305843341163,0.814220507383174,0.95,0.18473569202522
"261",-0.606888992264876,0.743985129436474,11.7580266204524,1.92311566391241,-1,0.342991010374992,-6,4.58139653944725,0.816582662451083,0.95,0.185434672432175
"262",-0.815098560694605,0.807735215895809,13.4622535982635,1.84622535982635,-1.15377464017365,0.446225359826349,-4.61509856069461,4.38490143930539,0.838490143930539,0.873112679913174,0.238490143930539
"263",-0.547982099295334,0.742647632498621,12.315227510634,2,-1,0.341578291949459,-6,4.58977493397716,0.8157436197476,0.95,0.185198490081532
"264",-0.644419010661958,0.743213149281502,11.5882099792987,1.88121371594654,-1,0.335869526596503,-6,4.63414595195611,0.812195266418038,0.95,0.184192130683315
"265",-0.336250227689743,0.879562465846539,14.6593744307756,1.96593744307756,-1.03406255692244,0.565937443077564,-4.13625022768974,4.86374977231026,0.886374977231026,0.932968721538782,0.286374977231026
"266",-0.261182875651866,0.89082256865222,14.8470428108703,1.98470428108703,-1.01529571891297,0.584704281087033,-4.06118287565187,4.93881712434813,0.893881712434813,0.942352140543517,0.293881712434813
"267",-0.608368911846052,0.745728066147678,11.8180585415748,1.93053999732643,-1,0.340844900686888,-5.05418028210315,4.39242704927139,0.815911361556214,0.95,0.185236597325346
"268",-0.423035286646336,0.86654470700305,14.4424117833842,1.94424117833842,-1.05575882166158,0.544241178338416,-4.22303528664634,4.77696471335366,0.877696471335366,0.922120589169208,0.277696471335366
"269",-0.462009569443762,0.860698564583436,14.3449760763906,1.93449760763906,-1.06550239236094,0.534497607639059,-4.26200956944376,4.73799043055624,0.873799043055624,0.91724880381953,0.273799043055624
"270",-0.573223361093551,0.844016495835967,14.0669415972661,1.90669415972661,-1.09330584027339,0.506694159726612,-4.37322336109355,4.62677663890645,0.862677663890645,0.903347079863306,0.262677663890645
"271",-0.504872425273061,0.854269136209041,14.2378189368173,1.92378189368173,-1.07621810631827,0.523781893681735,-4.30487242527306,4.69512757472694,0.869512757472694,0.911890946840867,0.269512757472694
"272",-0.620583565165848,0.749747629941967,11.2381793355179,1.88548251525982,-1,0.344461766882811,-6,4.57352691899268,0.81744115181695,0.95,0.185670288216633
"273",-0.238299946114421,0.894255008082837,14.9042501347139,1.99042501347139,-1.00957498652861,0.590425013471395,-4.03829994611442,4.96170005388558,0.896170005388558,0.945212506735697,0.296170005388558
"274",-0.555647925115472,0.735625706958362,12.6195847432555,2,-1,0.337519324583726,-5.89051038286018,4.58787511042748,0.813474331182256,0.95,0.18454097446968
"275",-0.761387948226184,0.815791807766073,13.5965301294345,1.85965301294345,-1.14034698705655,0.459653012943454,-4.56138794822618,4.43861205177382,0.843861205177382,0.879826506471727,0.243861205177382
"276",-0.547506491307093,0.740392874869001,12.3848321559962,2,-1,0.338632077423438,-4.24442146208309,4.1873588790298,0.81545034610575,0.95,0.18500510958393
"277",-0.733689080895494,0.737498032447552,11.3823235744505,1.80247730054276,-1,0.338661357950928,-5.18602220572858,4.43565269974476,0.814521354481153,0.95,0.184780905466057
"278",-0.613962101589282,0.748191750535866,11.3468321710173,1.89341067697332,-1,0.340870412128629,-6,4.58940661066065,0.81539696686325,0.95,0.185129766092279
"279",-0.455464246496558,0.861680363025516,14.3613393837586,1.93613393837586,-1.06386606162414,0.53613393837586,-4.25546424649656,4.74453575350344,0.874453575350344,0.91806696918793,0.274453575350344
"280",-0.561267050688277,0.737170200801264,12.6063953201019,2,-1,0.339346473758273,-5.93809138142771,4.59338967852219,0.814414951623021,0.95,0.184795532815528
"281",-0.549840848706663,0.847523872694001,14.1253978782333,1.91253978782333,-1.08746021217667,0.512539787823334,-4.34984084870666,4.65015915129334,0.865015915129334,0.906269893911667,0.265015915129334
"282",-0.580868632183508,0.749252704283985,11.5417029495189,1.93410987457532,-1,0.343619530692132,-5.90937624624363,4.55661470484647,0.817061414012445,0.95,0.185591544709535
"283",-0.547467321380871,0.742234432959881,12.3337499141142,2,-1,0.339050373157456,-5.25411533500443,4.4387531053733,0.814874444563163,0.95,0.184961055237193
"284",-0.792451710719615,0.811132243392058,13.518870723201,1.8518870723201,-1.1481129276799,0.451887072320096,-4.59245171071962,4.40754828928038,0.840754828928038,0.875943536160048,0.240754828928038
"285",-0.208652408141643,0.898702138778754,14.9783689796459,1.99783689796459,-1.00216310203541,0.597836897964589,-4.00865240814164,4.99134759185836,0.899134759185836,0.948918448982295,0.299134759185836
"286",-0.565141206313534,0.735585121815357,12.6921146877784,2,-1,0.337642956151557,-5.23245627811959,4.44896590971494,0.813940626587438,0.95,0.18464576173003
"287",-0.592417653524034,0.740898075026356,12.4884616812607,1.98220835571573,-1,0.342735145563828,-6,4.5980468256288,0.816182092489181,0.95,0.185311381436684
"288",-0.690148751996458,0.826477687200531,13.7746281200089,1.87746281200089,-1.12253718799911,0.477462812000886,-4.49014875199646,4.50985124800354,0.850985124800354,0.888731406000443,0.250985124800354
"289",-0.547942507606469,0.751134670164304,11.6893452701696,1.97009177748921,-1,0.338501174572663,-4.5348690810243,4.25820404928577,0.815262208955587,0.95,0.185077015074714
"290",-0.569561074818635,0.743736321616122,12.0880124487385,1.97088811680782,-1,0.340913739306598,-6,4.59509380154396,0.815326085127794,0.95,0.185086239246215
"291",-0.563555943619008,0.73624686685865,12.6612741486561,2,-1,0.337849767015848,-5.61609182997748,4.53508657420752,0.813747126926025,0.95,0.184589452896033
"292",-0.256058808695525,0.891591178695671,14.8598529782612,1.98598529782612,-1.01401470217388,0.585985297826119,-4.05605880869552,4.94394119130448,0.894394119130448,0.942992648913059,0.294394119130447
"293",-0.551855606839797,0.74129990320842,12.3856343142727,2,-1,0.340949966570386,-5.24916141195137,4.43079862574405,0.815934279035439,0.95,0.185244599744073
"294",-0.569332843447337,0.744407382883404,12.021075023734,1.96790520772673,-1,0.342142793559337,-6,4.58921586721944,0.816031467887883,0.95,0.185263570425896
"295",-0.974484016425667,0.734748704256262,10.2722581094997,1.57584396144411,-1,0.343227488095583,-5.85624442184484,4.56410986831293,0.81659811644897,0.95,0.185318319135946
"296",-0.530976736263232,0.753990613242458,11.784894490206,1.99954377762189,-1,0.346612127660909,-5.56199938761569,4.4599722361287,0.819199650029996,0.95,0.186297318857061
"297",-0.568372188475072,0.746425253881762,11.8373429718013,1.95903634267913,-1,0.342802785116104,-5.877815781772,4.55556769646901,0.816588131761197,0.95,0.185449518523365
"298",-0.580124956480986,0.725421476289284,13.1468461749592,2,-1,0.335827947991558,-6,4.63056750883908,0.812237384908758,0.95,0.184130348299357
"299",-0.831998836059074,0.747151394822137,10.1896017505721,1.66433201916216,-1,0.34265316519086,-6,4.5853989220735,0.816345666267034,0.95,0.185334795723639
"300",-0.641108328755945,0.833833750686608,13.8972291781101,1.88972291781101,-1.11027708218899,0.489722917811014,-4.44110832875594,4.55889167124406,0.855889167124406,0.894861458905507,0.255889167124406
"301",-0.438758846186102,0.864186173072085,14.4031028845347,1.94031028845347,-1.05968971154653,0.540310288453475,-4.2387588461861,4.7612411538139,0.87612411538139,0.920155144226737,0.27612411538139
"302",-0.201170632895082,0.899824405065738,14.9970734177623,1.99970734177623,-1.00029265822377,0.599707341776229,-4.00117063289508,4.99882936710492,0.899882936710492,0.949853670888115,0.299882936710492
"303",-1.14303177931063,0.72932760642456,10.64071560861,1.52259711851179,-1,0.345014604593862,-5.76770049980754,4.56734902099876,0.817190999633956,0.95,0.185366328312096
"304",-0.574472645263551,0.731720363209354,12.8471342691734,2,-1,0.343920774877895,-6,4.57368481129147,0.817177708248343,0.95,0.185574964817198
"305",-0.581163659272236,0.737780164135573,12.4977810184965,1.98556195333686,-1,0.348693834756111,-6,4.57338325440683,0.819551208327612,0.95,0.186209557933465
"306",-0.56048816510609,0.749562785235896,11.610868410065,1.95490393897438,-1,0.345440864123923,-5.36260192569411,4.41996501886213,0.818700692480745,0.95,0.186080305963443
"307",-0.211151742190123,0.898327238671482,14.9721206445247,1.99721206445247,-1.00278793554753,0.597212064452469,-4.01115174219012,4.98884825780988,0.898884825780988,0.948606032226235,0.298884825780988
"308",-1.17140116000209,0.747310769450641,10.1731842363247,1.5,-1,0.351044334927508,-4.53267733103268,4.26814619644151,0.821298353024909,0.95,0.186603079544737
"309",-0.662138162925839,0.830679275561124,13.8446545926854,1.88446545926854,-1.11553454073146,0.48446545926854,-4.46213816292584,4.53786183707416,0.853786183707416,0.89223272963427,0.253786183707416
"310",-0.65142545451167,0.746244503877134,11.2859268670712,1.86135021002784,-1,0.340292934319462,-5.3162435828609,4.44814009308969,0.815520383406435,0.95,0.185132479889936
"311",-0.625556309685289,0.75029443695289,11.2102223271526,1.88120032671121,-1,0.342994147166897,-5.13687810093386,4.39026618241635,0.817280644144337,0.95,0.185640285635329
"312",-0.55930165764596,0.738073242336271,12.5598126729028,2,-1,0.339825725880719,-6,4.6026884798325,0.814663856896357,0.95,0.184870863906446
"313",-0.330774861201644,0.880383770819753,14.6730628469959,1.96730628469959,-1.03269371530041,0.567306284699589,-4.13077486120164,4.86922513879836,0.886922513879836,0.933653142349794,0.286922513879836
"314",-0.701499688243144,0.746690844170434,10.8276590694587,1.79168297173607,-1,0.337248967231516,-5.59149132616739,4.52860757699868,0.813482357753369,0.95,0.184536707528541
"315",-0.595122621910696,0.722710211209986,13.3904119948499,2,-1,0.328493448279628,-4.52772593712091,4.33235681545184,0.809049213653892,0.95,0.18325022310494
"316",-0.541405184402277,0.746551742144632,12.1324955984616,2,-1,0.342024045379257,-5.20135351169208,4.41336727094727,0.816610867400402,0.95,0.185436840263853
"317",-0.616081524649166,0.74814974370645,11.3644182553018,1.89591046436682,-1,0.343640862893033,-4.61885354522062,4.25251840161849,0.818219565896976,0.95,0.185883747950427
"318",-0.547939414925149,0.741619576138804,12.3566560968371,2,-1,0.340158442749502,-6,4.60042795776704,0.814864622922359,0.95,0.184944487016353
"319",-0.548869606449649,0.742095346845908,12.3451223121269,2,-1,0.339416784560351,-5.00182486009875,4.3790888128913,0.815261738357827,0.95,0.18503547603039
"320",-0.643064054194501,0.748281682203057,11.1793336419834,1.86516666658913,-1,0.348068684340311,-6,4.56011859514997,0.819458344015969,0.95,0.1861960373361
"321",-0.468881844356656,0.859667723346502,14.3277953891084,1.93277953891084,-1.06722046108916,0.532779538910836,-4.26888184435666,4.73111815564334,0.873111815564334,0.916389769455418,0.273111815564334
"322",-0.552840756223035,0.741732283701443,12.3823080006656,2,-1,0.340268325902607,-4.95185068824895,4.36372040689499,0.815780645636526,0.95,0.185177792967014
"323",-0.571967597539462,0.73610369786561,12.7168216678272,2,-1,0.340822574392766,-6,4.60273947280272,0.815157449834887,0.95,0.184992161988307
"324",-0.549674744114535,0.744880604614593,12.2207556174149,1.9980492646315,-1,0.342447167795508,-5.01845717145556,4.36654415551058,0.817032345024011,0.95,0.185545273008059
"325",-0.534412985297907,0.750562926299881,11.7897103059588,1.98776689627371,-1,0.344303123125429,-5.74234926865988,4.51433187783842,0.817647410521261,0.95,0.185774416497529
"326",-0.557806206246085,0.73872997928536,12.5274403724646,2,-1,0.338885477177694,-5.26275154436402,4.44751042831014,0.814672471539242,0.95,0.184873383710172
"327",-0.356356851570308,0.876546472264454,14.6091078710742,1.96091078710742,-1.03908921289258,0.560910787107423,-4.15635685157031,4.84364314842969,0.884364314842969,0.930455393553711,0.284364314842969
"328",-0.546900619021865,0.739645881730903,12.4158114361373,2,-1,0.337687272440579,-5.03276594918639,4.39221018660361,0.814285295971318,0.95,0.184766133136834
"329",-0.379861175362021,0.873020823695697,14.5503470615949,1.95503470615949,-1.04496529384051,0.555034706159495,-4.17986117536202,4.82013882463798,0.882013882463798,0.927517353079747,0.282013882463798
"330",-1.19780348707944,0.730754899677024,10.6008764859187,1.5,-1,0.351935778333828,-5.87002488547432,4.56448039925786,0.820965458942093,0.95,0.186551122006696
"331",-0.287025060784072,0.886946240882389,14.7824373480398,1.97824373480398,-1.02175626519602,0.578243734803982,-4.08702506078407,4.91297493921593,0.891297493921593,0.939121867401991,0.291297493921593
"332",-0.598673083167839,0.747366847333418,11.4324223089765,1.91780743414578,-1,0.358730273233772,-5.92053900096211,4.4597598147396,0.826310620721746,0.95,0.188349639285545
"333",-0.646879757758486,0.749893471338717,11.0108981984052,1.84994884461815,-1,0.34294645080076,-5.44185799131685,4.4599942931404,0.817015303196547,0.95,0.185558975149541
"334",-0.300277128163725,0.884958430775441,14.7493071795907,1.97493071795907,-1.02506928204093,0.574930717959069,-4.10027712816373,4.89972287183627,0.889972287183628,0.937465358979534,0.289972287183627
"335",-0.586097091127011,0.731736762317611,12.9931544749614,2,-1,0.336445685219559,-5.35972023484865,4.50467798718969,0.812813422209394,0.95,0.184304439278399
"336",-0.690651157009091,0.749537255786805,10.7367160306317,1.79955250001585,-1,0.344707936356825,-6,4.56954846864389,0.817630287091874,0.95,0.185734199255884
"337",-0.609476719796658,0.838578492030501,13.9763082005084,1.89763082005084,-1.10236917994916,0.497630820050836,-4.40947671979666,4.59052328020334,0.859052328020334,0.898815410025418,0.259052328020334
"338",-0.767472236696631,0.814879164495505,13.5813194082584,1.85813194082584,-1.14186805917416,0.458131940825842,-4.56747223669663,4.43252776330337,0.843252776330337,0.879065970412921,0.243252776330337
"339",-0.444861851911992,0.863270722213201,14.38784537022,1.938784537022,-1.061215462978,0.538784537022002,-4.24486185191199,4.75513814808801,0.875513814808801,0.919392268511001,0.275513814808801
"340",-0.542997742066144,0.739290747869561,12.3994570805796,2,-1,0.338294420543587,-6,4.60130308169359,0.813927548368592,0.95,0.184666691911963
"341",-0.770917625406907,0.72174977537599,12.916534900244,1.87585883114637,-1,0.353122382133675,-5.99860434303952,4.65644842386393,0.820413393423414,0.95,0.185773756816368
"342",-0.514773518592119,0.852783972211182,14.2130662035197,1.92130662035197,-1.07869337964803,0.52130662035197,-4.31477351859212,4.68522648140788,0.868522648140788,0.910653310175985,0.268522648140788
"343",-0.636120483736191,0.750210629880496,11.0445544929017,1.86003244356402,-1,0.342830176530688,-5.45712722309595,4.46333268276327,0.816946850266949,0.95,0.185544339350563
"344",-0.554922982366661,0.740893916571112,12.4112119838662,2,-1,0.342229284847967,-4.99059315531622,4.3603985312289,0.816939522733542,0.95,0.185514121623431
"345",-0.712558985967189,0.823116152104922,13.718602535082,1.8718602535082,-1.1281397464918,0.471860253508203,-4.51255898596719,4.48744101403281,0.848744101403281,0.885930126754101,0.248744101403281
"346",-0.560114084869636,0.737611328534551,12.5818983255917,2,-1,0.339636404060084,-6,4.60383377391143,0.814551488939672,0.95,0.184837809404013
"347",-0.55460351443843,0.744460734110585,12.0341012389043,1.98010136294863,-1,0.345412057667655,-6,4.5667356877524,0.818030224310211,0.95,0.18585874912985
"348",-0.643472561426461,0.833479115786031,13.8913185964338,1.88913185964338,-1.11086814035662,0.489131859643385,-4.44347256142646,4.55652743857354,0.855652743857354,0.894565929821692,0.255652743857354
"349",-0.33998564099893,0.879002153850161,14.6500358975027,1.96500358975027,-1.03499641024973,0.565003589750268,-4.13998564099893,4.86001435900107,0.886001435900107,0.932501794875134,0.286001435900107
"350",-0.701682250294834,0.824747662455775,13.7457943742629,1.87457943742629,-1.12542056257371,0.474579437426291,-4.50168225029483,4.49831774970517,0.849831774970517,0.887289718713146,0.249831774970517
"351",-0.541898014792957,0.745290733738874,12.1910574077777,2,-1,0.340214816618432,-6,4.58152172010065,0.815205089981281,0.95,0.185085723161987
"352",-0.530958582135951,0.746105134945953,12.0833399068332,2,-1,0.337493605590168,-4.48266204844006,4.24833556735807,0.814742697045563,0.95,0.184895099517326
"353",-0.387634120229632,0.871854881965555,14.5309146994259,1.95309146994259,-1.04690853005741,0.553091469942592,-4.18763412022963,4.81236587977037,0.881236587977037,0.926545734971296,0.281236587977037
"354",-0.521232607508201,0.753413210183809,11.7437090533041,2,-1,0.34376646980382,-4.98391587746329,4.34243677560217,0.817988494798284,0.95,0.185871568421818
"355",-0.736947170738131,0.81945792438928,13.6576320731547,1.86576320731547,-1.13423679268453,0.465763207315467,-4.53694717073813,4.46305282926187,0.846305282926187,0.882881603657734,0.246305282926187
"356",-0.716930927654613,0.744724142535305,11.2905924597242,1.8212412869154,-1,0.343356863713756,-6,4.59151937935478,0.816596177997616,0.95,0.185430501412651
"357",-0.566064153350204,0.732039096760775,12.7995129038625,2,-1,0.34008634235376,-6,4.60865946348499,0.814697310467439,0.95,0.184853840218453
"358",-0.202023966517299,0.899696405022405,14.9949400837068,1.99949400837068,-1.00050599162932,0.599494008370675,-4.0020239665173,4.9979760334827,0.89979760334827,0.949747004185338,0.29979760334827
"359",-0.588318025769514,0.749881354675956,11.3874495991259,1.91918536172923,-1,0.345766151483353,-5.99985551768984,4.55893130540507,0.818336309802563,0.95,0.185985945701793
"360",-0.397051391936839,0.870442291209474,14.5073715201579,1.95073715201579,-1.04926284798421,0.55073715201579,-4.19705139193684,4.80294860806316,0.880294860806316,0.925368576007895,0.280294860806316
"361",-0.59594505692983,0.74702817557626,11.6616809661488,1.92933776592161,-1,0.343749597847456,-6,4.58018509212012,0.816978098625088,0.95,0.185552233053952
"362",-0.661163482732011,0.747889475483429,11.1050372414845,1.84472167229728,-1,0.341118607879304,-4.65004426575323,4.27805620315351,0.816633267848558,0.95,0.185433772242412
"363",-0.430602892581373,0.865409566112794,14.4234927685466,1.94234927685466,-1.05765072314534,0.542349276854657,-4.23060289258137,4.76939710741863,0.876939710741863,0.921174638427328,0.276939710741863
"364",-0.69816131265834,0.825275803101249,13.7545967183542,1.87545967183542,-1.12454032816458,0.475459671835415,-4.49816131265834,4.50183868734166,0.850183868734166,0.887729835917707,0.250183868734166
"365",-0.636904244250994,0.75114900682914,10.9542452104176,1.85450664507638,-1,0.34389054643534,-5.36793215651746,4.43317860438862,0.817717313334555,0.95,0.185777731402121
"366",-0.297778302617371,0.885333254607394,14.7555542434566,1.97555542434566,-1.02444457565434,0.575555424345657,-4.09777830261737,4.90222169738263,0.890222169738263,0.937777712172829,0.290222169738263
"367",-1.09364498348674,0.737312910588663,10,1.50003834331574,-1,0.345453724207461,-4.84404581196477,4.31993146268304,0.818739536859534,0.95,0.185919459129131
"368",-0.61897038789466,0.837154441815801,13.9525740302633,1.89525740302633,-1.10474259697367,0.495257403026335,-4.41897038789466,4.58102961210534,0.858102961210534,0.897628701513167,0.258102961210534
"369",-0.36955458233133,0.874566812650301,14.5761135441717,1.95761135441717,-1.04238864558283,0.557611354417168,-4.16955458233133,4.83044541766867,0.883044541766867,0.928805677208584,0.283044541766867
"370",-0.564832518050961,0.735847970594055,12.6779214397826,2,-1,0.338110948294266,-5.19236079243964,4.43692311357117,0.814249182542938,0.95,0.184729059611213
"371",-1.21430612139462,0.734352923832234,10.6906268443234,1.5,-1,0.333058259093646,-5.73471644670776,4.6277087337764,0.810226308950266,0.95,0.18364295852539
"372",-0.689541419251891,0.735618656313359,11.8289937193408,1.8600261413631,-1,0.339988245768499,-6,4.61947556561679,0.814471902722658,0.95,0.184781561683935
"373",-0.646744800767845,0.746174130197774,11.0354342477219,1.84519036449232,-1,0.345612885364271,-5.42398982151463,4.43303500019665,0.818749394216935,0.95,0.186041412668171
"374",-1.05683083185194,0.733063121401606,10.0181673147481,1.50658254572055,-1,0.333246914143988,-5.93691734351539,4.58715962286852,0.811510442819106,0.95,0.18431540204233
"375",-0.490199167560786,0.856470124865882,14.274502081098,1.9274502081098,-1.0725497918902,0.527450208109803,-4.29019916756079,4.70980083243921,0.870980083243921,0.913725104054902,0.270980083243921
"376",-0.65400669099763,0.831898996350355,13.8649832725059,1.88649832725059,-1.11350167274941,0.486498327250592,-4.45400669099763,4.54599330900237,0.854599330900237,0.893249163625296,0.254599330900237
"377",-0.55867162514461,0.73779586318055,12.5688367515246,2,-1,0.3386739433715,-5.71261134539068,4.54934462344918,0.814191065301064,0.95,0.18473334269767
"378",-0.559363794373019,0.75166293613075,11.4779393635849,1.94849102548982,-1,0.344048693932509,-5.9371329721524,4.55358803333218,0.817401295386046,0.95,0.185715824603967
"379",-0.638187767270453,0.741494832238692,13.0437301115956,1.999021827721,-1,0.344268118864665,-4.75114855687766,4.33216347339529,0.817618615755814,0.95,0.185651930238937
"380",-0.583789714533767,0.741835756189274,12.2852267878588,1.9736036065579,-1,0.338901728927809,-4,4.11521558891149,0.815850141881701,0.95,0.185174275639158
"381",-0.641823614532643,0.737702798146043,12.0949615128702,1.91242700316376,-1,0.337871064799827,-5.74698989342637,4.57741375734349,0.813429271850627,0.95,0.184481089900671
"382",-0.561343068726838,0.734927424036253,12.6886133872888,2,-1,0.336567170509987,-5.24644603469587,4.45491447217644,0.81335292787338,0.95,0.18448823416166
"383",-0.614799642749131,0.83778005358763,13.9630008931272,1.89630008931272,-1.10369991068728,0.496300089312717,-4.41479964274913,4.58520035725087,0.858520035725087,0.898150044656359,0.258520035725087
"384",-0.552424000003516,0.738616638365518,12.4860799175143,2,-1,0.339160181691669,-5.61588835571295,4.51137813923453,0.814789460643388,0.95,0.184926067378818
"385",-1.00664418422774,0.737856020837708,10.0120244946234,1.541432574355,-1,0.340257759746013,-4.09831114042834,4.13444901046341,0.816593134793676,0.95,0.185276033435624
"386",-1.10076757033383,0.728787241605067,10.2862593927903,1.50382220837545,-1,0.333319728999599,-6,4.64168985758402,0.810818418362726,0.95,0.183732533001896
"387",-0.559303043225318,0.738077205326388,12.5597091077331,2,-1,0.339823631176711,-6,4.60271912400534,0.814662342792005,0.95,0.184871161205382
"388",-0.559774662930198,0.73764071035772,12.5813700324965,2,-1,0.339042928369601,-5.94587807757989,4.59405719597418,0.81427482702088,0.95,0.184775791849696
"389",-0.765021129164959,0.741258829453569,10.5997048602337,1.72350311705993,-1,0.336395567734637,-6,4.61512567345316,0.812761796973977,0.95,0.184362062490534
"390",-0.712478493154049,0.823128226026893,13.7188037671149,1.87188037671149,-1.12811962328851,0.471880376711488,-4.51247849315405,4.48752150684595,0.848752150684595,0.885940188355744,0.248752150684595
"391",-0.231656735576689,0.895251489663497,14.9208581610583,1.99208581610583,-1.00791418389417,0.592085816105828,-4.03165673557669,4.96834326442331,0.896834326442331,0.946042908052914,0.296834326442331
"392",-0.563452781307976,0.737654229022936,12.6056139716251,2,-1,0.338858710588543,-5.14021125600049,4.42084464171858,0.814725179036347,0.95,0.184867502639396
"393",-0.62997748447315,0.757408804274991,10.592141373538,1.84643499165256,-1,0.354027496209655,-5.19798094106619,4.33448490960219,0.823953437232885,0.95,0.187603675636497
"394",-0.615259260544544,0.729999551719754,13.2303484079515,2,-1,0.343356436549069,-5.18201070792171,4.42194913485947,0.817070186993478,0.95,0.185514164682973
"395",-0.64976948082656,0.746937124365124,11.2836322505211,1.86514303581031,-1,0.343465379338872,-5.46448866181487,4.46662977885048,0.817229018209684,0.95,0.185615864880911
"396",-0.576289211857746,0.750255324436745,11.4078371676243,1.92275714447696,-1,0.333312944142022,-6,4.63843154579144,0.810858786900411,0.95,0.18378188247357
"397",-0.54180246378298,0.747346715175298,12.0736291645911,1.99724866742042,-1,0.342240486379653,-5.12547945310069,4.39119094811477,0.816856038252796,0.95,0.185531975396607
"398",-0.544937411570481,0.741309321367044,12.3461586395773,2,-1,0.338125544832901,-5.03017992118267,4.39069218017291,0.814518494092122,0.95,0.184826820823672
"399",-0.604427753761411,0.839335836935788,13.9889306155965,1.89889306155965,-1.10110693844035,0.498893061559647,-4.40442775376141,4.59557224623859,0.859557224623859,0.899446530779824,0.259557224623859
"400",-0.765358854042525,0.744779224724891,10.599382044465,1.73309804834899,-1,0.338606093308794,-4,4.10341630277858,0.815915180016145,0.95,0.185188163386301
