"","Date","Maxima"
"1",2015-01-05,0.0542304698584811
"2",2015-01-06,0.0421622534484348
"3",2015-01-07,0.0191944472561471
"4",2015-01-08,0.00441498133596112
"5",2015-01-09,0.0342061321063419
"6",2015-01-12,0.0322807827720967
"7",2015-01-13,0.0403239797743932
"8",2015-01-14,0.0582620782821053
"9",2015-01-15,0.0537902369302755
"10",2015-01-16,0.0529655355799126
"11",2015-01-20,0.0648175000764708
"12",2015-01-21,0.0314548278591411
"13",2015-01-22,0.0383678190524759
"14",2015-01-23,0.104339884235846
"15",2015-01-26,0.0179841364166809
"16",2015-01-27,0.0970985894486943
"17",2015-01-28,0.0462148883286984
"18",2015-01-29,0.10851144519609
"19",2015-01-30,0.0448767462912562
"20",2015-02-02,0.0121937360795802
"21",2015-02-03,0.0112219300021101
"22",2015-02-04,0.0851640284255843
"23",2015-02-05,0.0447929187613389
"24",2015-02-06,0.0883855698676938
"25",2015-02-09,0.0252727808350388
"26",2015-02-10,0.00913568672200585
"27",2015-02-11,0.028069083960223
"28",2015-02-12,0.0664548481887277
"29",2015-02-13,0.0302747759081795
"30",2015-02-17,0.0169033952787077
"31",2015-02-18,0.0253657615791625
"32",2015-02-19,0.0326276398942567
"33",2015-02-20,0.00854588247168785
"34",2015-02-23,0.0460441555362001
"35",2015-02-24,0.0279213882012385
"36",2015-02-25,0.0259058639817621
"37",2015-02-26,0.0276684717890012
"38",2015-02-27,0.0201414724454615
"39",2015-03-02,0.0326621299459423
"40",2015-03-03,0.024436157849456
"41",2015-03-04,0.0314066637596755
"42",2015-03-05,0.0582423436850434
"43",2015-03-06,0.0391342491436538
"44",2015-03-09,0.018872404715062
"45",2015-03-10,0.0363828718111399
"46",2015-03-11,0.0277795641070757
"47",2015-03-12,0.0484809960873916
"48",2015-03-13,0.0245962962258135
"49",2015-03-16,0.0381975002196287
"50",2015-03-17,0.0191901359103646
"51",2015-03-18,0.0372550088760147
"52",2015-03-19,0.0255337819823837
"53",2015-03-20,0.0174273284984897
"54",2015-03-23,0.0405736760499216
"55",2015-03-24,0.0296101688243538
"56",2015-03-25,0.0675076307252616
"57",2015-03-26,0.0242032182864202
"58",2015-03-27,0.0288238439351911
"59",2015-03-30,0.0170190369559907
"60",2015-03-31,0.0277267007567675
"61",2015-04-01,0.0249062167103822
"62",2015-04-02,0.0212526046942623
"63",2015-04-06,0.00896246386437313
"64",2015-04-07,0.0256955703762405
"65",2015-04-08,0.0199052802616082
"66",2015-04-09,0.0221725044597155
"67",2015-04-10,0.012320477449265
"68",2015-04-13,0.0313527414493364
"69",2015-04-14,0.0403724552903875
"70",2015-04-15,0.0219195930073067
"71",2015-04-16,0.0223140156580772
"72",2015-04-17,0.106522630838004
"73",2015-04-20,0.0355066884569098
"74",2015-04-21,0.0578673823205487
"75",2015-04-22,0.0302398851897183
"76",2015-04-23,0.0707213779452794
"77",2015-04-24,0.0375295510832148
"78",2015-04-27,0.0334888471673938
"79",2015-04-28,0.0227282932661998
"80",2015-04-29,0.0344324244349706
"81",2015-04-30,0.0279189559059815
"82",2015-05-01,0.0183557812459535
"83",2015-05-04,0.0242837955459774
"84",2015-05-05,0.0367345603203811
"85",2015-05-06,0.0281228385026971
"86",2015-05-07,0.0408994812714147
"87",2015-05-08,0.0766765106983437
"88",2015-05-11,0.0285409941663515
"89",2015-05-12,0.0176019949329883
"90",2015-05-13,0.0324778551563845
"91",2015-05-14,0.0324724017036493
"92",2015-05-15,0.0190421500827221
"93",2015-05-18,0.0166081700744718
"94",2015-05-19,0.0446508200604801
"95",2015-05-20,0.0474684986620496
"96",2015-05-21,0.0173917427118692
"97",2015-05-22,0.0187586269950978
"98",2015-05-26,0.0283351176535196
"99",2015-05-27,0.00854681628849393
"100",2015-05-28,0.0223438722754692
"101",2015-05-29,0.0680637072045954
"102",2015-06-01,0.021877416317285
"103",2015-06-02,0.0198562480366949
"104",2015-06-03,0.0291776874734825
"105",2015-06-04,0.0238146760808174
"106",2015-06-05,0.0340536931850047
"107",2015-06-08,0.036684420373536
"108",2015-06-09,0.0176317073335652
"109",2015-06-10,0.0209205373844684
"110",2015-06-11,0.0182475380406978
"111",2015-06-12,0.0278706220981716
"112",2015-06-15,0.0257540355207543
"113",2015-06-16,0.00947417765067004
"114",2015-06-17,0.0300976236950605
"115",2015-06-18,0.0495251904140744
"116",2015-06-19,0.0272755429307518
"117",2015-06-22,0.0165729308847444
"118",2015-06-23,0.0260479843189774
"119",2015-06-24,0.0319086409056192
"120",2015-06-25,0.0231456070239968
"121",2015-06-26,0.0435712482936402
"122",2015-06-29,0.0540672212702759
"123",2015-06-30,0.0120215958640139
"124",2015-07-01,0.0227282677358938
"125",2015-07-02,0.0128065621735141
"126",2015-07-06,0.0253103714810631
"127",2015-07-07,0.167054084663166
"128",2015-07-08,0.0538547961676251
"129",2015-07-09,0.0290884499133006
"130",2015-07-10,0.010152371464018
"131",2015-07-13,0.00759365365124494
"132",2015-07-14,0.0105848337532764
"133",2015-07-15,0.0448953199078909
"134",2015-07-16,0.0470060423759305
"135",2015-07-17,0.0437228110138317
"136",2015-07-20,0.0374621651128446
"137",2015-07-21,0.0729250560918317
"138",2015-07-22,0.0432149126278679
"139",2015-07-23,0.0586047222837475
"140",2015-07-24,0.140654660357787
"141",2015-07-27,0.047846865573566
"142",2015-07-28,0.0101755683971084
"143",2015-07-29,0.0155041497712601
"144",2015-07-30,0.0408892345398275
"145",2015-07-31,0.050145439351255
"146",2015-08-03,0.0330913118967814
"147",2015-08-04,0.0334784753444182
"148",2015-08-05,0.0961898755083663
"149",2015-08-06,0.0930434711663839
"150",2015-08-07,0.0290577145909187
"151",2015-08-10,0.0796440630599254
"152",2015-08-11,0.0534409909168473
"153",2015-08-12,0.0259528781093938
"154",2015-08-13,0.0596382663197311
"155",2015-08-14,0.018119553143653
"156",2015-08-17,0.032623091361588
"157",2015-08-18,0.0343764081886919
"158",2015-08-19,0.037662606220357
"159",2015-08-20,0.0816483997055883
"160",2015-08-21,0.078858110871171
"161",2015-08-24,0.0755616371687078
"162",2015-08-25,0.0710958968159545
"163",2015-08-26,-0.0101425934422995
"164",2015-08-27,0.00244134123697534
"165",2015-08-28,0.0182043875808705
"166",2015-08-31,0.0340640829170208
"167",2015-09-01,0.0837369487631621
"168",2015-09-02,0.00331391672904192
"169",2015-09-03,0.0424277096487919
"170",2015-09-04,0.0298333121382682
"171",2015-09-08,0.0396459895161469
"172",2015-09-09,0.0320473748044745
"173",2015-09-10,0.0268333960943549
"174",2015-09-11,0.0223414447245229
"175",2015-09-14,0.0992982209822803
"176",2015-09-15,0.00376357500937061
"177",2015-09-16,0.0287869888025428
"178",2015-09-17,0.0436922822181044
"179",2015-09-18,0.0456888651137217
"180",2015-09-21,0.0326115855887609
"181",2015-09-22,0.069882635512525
"182",2015-09-23,0.027345272373989
"183",2015-09-24,0.064728384372746
"184",2015-09-25,0.039759241833168
"185",2015-09-28,0.0643023983407355
"186",2015-09-29,0.0515381550448291
"187",2015-09-30,0.00471498582051915
"188",2015-10-01,0.0349014913725394
"189",2015-10-02,0.0338411283526445
"190",2015-10-05,0.0172566210219484
"191",2015-10-06,0.044875611120067
"192",2015-10-07,0.0542956012269298
"193",2015-10-08,0.0228491450122353
"194",2015-10-09,0.0269567734797217
"195",2015-10-12,0.0809718231038054
"196",2015-10-13,0.0368713513408746
"197",2015-10-14,0.105810251267391
"198",2015-10-15,0.0865579495937809
"199",2015-10-16,0.0336659006148974
"200",2015-10-19,0.049202649806891
"201",2015-10-20,0.0683511503484406
"202",2015-10-21,0.0567020558985903
"203",2015-10-22,0.109020720054467
"204",2015-10-23,0.0555957740130248
"205",2015-10-26,0.0471670104665996
"206",2015-10-27,0.0587233612886954
"207",2015-10-28,0.113496914666175
"208",2015-10-29,0.0566540370559805
"209",2015-10-30,0.04957085464455
"210",2015-11-02,0.030892521455134
"211",2015-11-03,0.0447899459692802
"212",2015-11-04,0.0357180826020791
"213",2015-11-05,0.16547125985309
"214",2015-11-06,0.0530257825287346
"215",2015-11-09,0.100589972072865
"216",2015-11-10,0.0539179047944689
"217",2015-11-11,0.0310367752007438
"218",2015-11-12,0.0462485464518604
"219",2015-11-13,0.0599735963558617
"220",2015-11-16,0.0240827081748867
"221",2015-11-17,0.0340821008881695
"222",2015-11-18,0.0987134729360326
"223",2015-11-19,0.058117134396988
"224",2015-11-20,0.0202409040930532
"225",2015-11-23,0.0267690498875283
"226",2015-11-24,0.0203532571851697
"227",2015-11-25,0.037690182966757
"228",2015-11-27,0.0302846161955159
"229",2015-11-30,0.0384077880195966
"230",2015-12-01,0.015117186853598
"231",2015-12-02,0.0384519561822624
"232",2015-12-03,0.0372541099839352
"233",2015-12-04,0.0159706942217962
"234",2015-12-07,0.0439279444592857
"235",2015-12-08,0.0579103990601543
"236",2015-12-09,0.0557068700794926
"237",2015-12-10,0.0194874630704991
"238",2015-12-11,0.0672978187798106
"239",2015-12-14,0.0186775279750181
"240",2015-12-15,0.0621602460102057
"241",2015-12-16,0.0242230442644421
"242",2015-12-17,0.0548314774924673
"243",2015-12-18,0.0439192339348355
"244",2015-12-21,0.0182362961749684
"245",2015-12-22,0.0112863622646877
"246",2015-12-23,0.024103100027842
"247",2015-12-24,0.0189394985481011
"248",2015-12-28,0.029235763870446
"249",2015-12-29,0.00158632047835058
"250",2015-12-30,0.0247973291887262
"251",2015-12-31,0.0376112707457833
"252",2016-01-04,0.0716720240798205
"253",2016-01-05,0.034027549890588
"254",2016-01-06,0.0913181585347875
"255",2016-01-07,0.0961073101773432
"256",2016-01-08,0.0633696139325891
"257",2016-01-11,0.0514270877260688
"258",2016-01-12,0.0213845929632708
"259",2016-01-13,0.0898695617496948
"260",2016-01-14,0.0203701156966998
"261",2016-01-15,0.0954324230654506
"262",2016-01-19,0.0781812680028079
"263",2016-01-20,0.0800427076735364
"264",2016-01-21,0.0513226061226729
"265",2016-01-22,0.128980517841841
"266",2016-01-25,0.0966382953029764
"267",2016-01-26,0.0238674814066435
"268",2016-01-27,0.0935305970355643
"269",2016-01-28,0.0975118133292268
"270",2016-01-29,0.0791512083224468
"271",2016-02-01,0.0276515313305101
"272",2016-02-02,0.0746158719424479
"273",2016-02-03,0.0670366965296561
"274",2016-02-04,0.089579826829047
"275",2016-02-05,0.138475557268292
"276",2016-02-08,0.0941484931999537
"277",2016-02-09,0.0363547237163411
"278",2016-02-10,0.042104060647431
"279",2016-02-11,0.0709026357341385
"280",2016-02-12,0.0162605208717803
"281",2016-02-16,0.0178949947770973
"282",2016-02-17,0.0198333571148914
"283",2016-02-18,0.0461080751353845
"284",2016-02-19,0.0469491067986277
"285",2016-02-22,0.0197709214828414
"286",2016-02-23,0.0454287114317176
"287",2016-02-24,0.0277568839986638
"288",2016-02-25,0.00966064874018125
"289",2016-02-26,0.0331174029688747
"290",2016-02-29,0.0367090127649181
"291",2016-03-01,0.0423629882993568
"292",2016-03-02,0.0192082147507849
"293",2016-03-03,0.0172879005661001
"294",2016-03-04,0.0372713947972315
"295",2016-03-07,0.0618251760445044
"296",2016-03-08,0.0713090277047819
"297",2016-03-09,0.0261284153353732
"298",2016-03-10,0.0171059977555979
"299",2016-03-11,0.015839096282609
"300",2016-03-14,0.0176380841935342
"301",2016-03-15,0.0883491698312897
"302",2016-03-16,0.0300059101101583
"303",2016-03-17,0.0483350401239301
"304",2016-03-18,0.0216374225665975
"305",2016-03-21,0.0453830058478178
"306",2016-03-22,0.023297613542995
"307",2016-03-23,0.0510596207638347
"308",2016-03-24,0.0402874734501412
"309",2016-03-28,0.0264211205957082
"310",2016-03-29,0.0147931691778306
"311",2016-03-30,0.0188062445361588
"312",2016-03-31,0.0215435621532264
"313",2016-04-01,0.0310202906310254
"314",2016-04-04,0.030709687522435
"315",2016-04-05,0.0347768530580621
"316",2016-04-06,0.0141335739968308
"317",2016-04-07,0.0588405000229333
"318",2016-04-08,0.0281131531284281
"319",2016-04-11,0.0255681228286867
"320",2016-04-12,0.00843813010470453
"321",2016-04-13,0.0278038404245361
"322",2016-04-14,0.0289875368732522
"323",2016-04-15,0.0211900765159844
"324",2016-04-18,0.0282861834571513
"325",2016-04-19,0.138922871999446
"326",2016-04-20,0.0490369553600772
"327",2016-04-21,0.0338016266333723
"328",2016-04-22,0.0744114092608546
"329",2016-04-25,0.145416999858504
"330",2016-04-26,0.0459650643041594
"331",2016-04-27,0.0646215784119986
"332",2016-04-28,0.0809938975665447
"333",2016-04-29,0.0949906545692906
"334",2016-05-02,0.0198654675199503
"335",2016-05-03,0.0399952685789984
"336",2016-05-04,0.0779631175354259
"337",2016-05-05,0.0508298733102217
"338",2016-05-06,0.0252359592992619
"339",2016-05-09,0.0358023807905836
"340",2016-05-10,0.00274348594575083
"341",2016-05-11,0.0558733561060168
"342",2016-05-12,0.0256539615954114
"343",2016-05-13,0.0377044538720349
"344",2016-05-16,0.0525253243832178
"345",2016-05-17,0.0441659453151314
"346",2016-05-18,0.0792731944796184
"347",2016-05-19,0.0347156867126635
"348",2016-05-20,0.0220303685652011
"349",2016-05-23,0.0354100472498311
"350",2016-05-24,0.00706068945682174
"351",2016-05-25,0.0122473839471892
"352",2016-05-26,0.0295092166371432
"353",2016-05-27,0.00928248821142375
"354",2016-05-31,0.0240446949275509
"355",2016-06-01,0.0344750238924947
"356",2016-06-02,0.0438363148131778
"357",2016-06-03,0.0539591765957107
"358",2016-06-06,0.0341137757851366
"359",2016-06-07,0.0140083700533381
"360",2016-06-08,0.0220744749269809
"361",2016-06-09,0.0265029709359868
"362",2016-06-10,0.0471804777106534
"363",2016-06-13,0.0263743099419351
"364",2016-06-14,0.0685271414467082
"365",2016-06-15,0.0166277713324052
"366",2016-06-16,0.0155876227968531
"367",2016-06-17,0.0283994639460675
"368",2016-06-20,0.0308904870193384
"369",2016-06-21,0.0304152996069592
"370",2016-06-22,0.110376893930234
"371",2016-06-23,0.00828049637301094
"372",2016-06-24,0.12696113194611
"373",2016-06-27,0.0837142355392041
"374",2016-06-28,0.000595438593189444
"375",2016-06-29,0.00554240502202553
"376",2016-06-30,0.0451822129423371
"377",2016-07-01,0.0210697613682968
"378",2016-07-05,0.0424895979805724
"379",2016-07-06,0.0343912753036413
"380",2016-07-07,0.0257168850139185
"381",2016-07-08,-0.00198073847849766
"382",2016-07-11,0.024932184356476
"383",2016-07-12,0.0229687310969539
"384",2016-07-13,0.0214615372677999
"385",2016-07-14,0.0179146162744146
"386",2016-07-15,0.0254540390132929
"387",2016-07-18,0.0109644384805934
"388",2016-07-19,0.140713742241885
"389",2016-07-20,0.0126462304252807
"390",2016-07-21,0.0406001735964981
"391",2016-07-22,0.0699189417992505
"392",2016-07-25,0.0263408056408648
"393",2016-07-26,0.0885011129121331
"394",2016-07-27,0.0335327963067731
"395",2016-07-28,0.0851738649881608
"396",2016-07-29,0.0220281075583164
"397",2016-08-01,0.0353563059417493
"398",2016-08-02,0.0589317783763353
"399",2016-08-03,0.0306943965565524
"400",2016-08-04,0.100035258177529
"401",2016-08-05,0.174176396132335
"402",2016-08-08,0.0482372205072253
"403",2016-08-09,0.0323854463719475
"404",2016-08-10,0.0277556779440441
"405",2016-08-11,0.0204727063051886
"406",2016-08-12,0.0125900491859218
"407",2016-08-15,0.0337621488997738
"408",2016-08-16,0.0371935438841677
"409",2016-08-17,0.0664128193000156
"410",2016-08-18,0.0122774889105788
"411",2016-08-19,0.0314005924798484
"412",2016-08-22,0.0160561678980122
"413",2016-08-23,0.0176609294249598
"414",2016-08-24,0.0317907566494971
"415",2016-08-25,0.0355103982706774
"416",2016-08-26,0.0234846035089637
"417",2016-08-29,0.022014239251988
"418",2016-08-30,0.0262083276400659
"419",2016-08-31,0.0283400574079512
"420",2016-09-01,0.0544734442012668
"421",2016-09-02,0.0227308189680105
"422",2016-09-06,0.0228966231496192
"423",2016-09-07,0.0705511109919651
"424",2016-09-08,0.0934113988350972
"425",2016-09-09,0.0544239818876881
"426",2016-09-12,0.00370142302707224
"427",2016-09-13,0.0396801596931956
"428",2016-09-14,0.025186417764145
"429",2016-09-15,0.00798532336465874
"430",2016-09-16,0.0486434079329472
"431",2016-09-19,0.0223987644697287
"432",2016-09-20,0.0316293091655076
"433",2016-09-21,0.0349023471188428
"434",2016-09-22,0.0131857739814969
"435",2016-09-23,0.0579552029271022
"436",2016-09-26,0.0357458414883944
"437",2016-09-27,0.0185513085790657
"438",2016-09-28,0.0384981697692455
"439",2016-09-29,0.0279174463330308
"440",2016-09-30,0.0145140431651356
"441",2016-10-03,0.0252917926087146
"442",2016-10-04,0.0281621676018767
"443",2016-10-05,0.0597128679945909
"444",2016-10-06,0.0383261792613828
"445",2016-10-07,0.0779545070630287
"446",2016-10-10,0.106905176270232
"447",2016-10-11,0.0552940271287896
"448",2016-10-12,0.0228097536111262
"449",2016-10-13,0.0308363361076232
"450",2016-10-14,0.0188032761098093
"451",2016-10-17,0.0243942213127487
"452",2016-10-18,0.0265162923604802
"453",2016-10-19,0.0611711850622015
"454",2016-10-20,0.0690517525137146
"455",2016-10-21,0.0653050984077668
"456",2016-10-24,0.0169473210272463
"457",2016-10-25,0.0427441965385863
"458",2016-10-26,0.0461121430957888
"459",2016-10-27,0.0277190534751694
"460",2016-10-28,0.100755724515601
"461",2016-10-31,0.0360117190822293
"462",2016-11-01,0.0357291432003434
"463",2016-11-02,0.0476624504891634
"464",2016-11-03,0.0580330155236297
"465",2016-11-04,0.0258381603638053
"466",2016-11-07,-0.00803890506428354
"467",2016-11-08,0.125834913498809
"468",2016-11-09,0.0633196238059022
"469",2016-11-10,0.0967521411212262
"470",2016-11-11,0.0287478361219229
"471",2016-11-14,0.0504739727041503
"472",2016-11-15,0.0259465977846227
"473",2016-11-16,0.0298398857556719
"474",2016-11-17,0.0493446748665545
"475",2016-11-18,0.0208362553063759
"476",2016-11-21,0.0210506085264419
"477",2016-11-22,0.0906055060223382
"478",2016-11-23,0.111094021186334
"479",2016-11-25,0.0119501477723857
"480",2016-11-28,0.0281709650123313
"481",2016-11-29,0.0339683928241538
"482",2016-11-30,0.0385303057318453
"483",2016-12-01,0.0601337210036031
"484",2016-12-02,0.0283983448966601
"485",2016-12-05,0.0194753673362929
"486",2016-12-06,0.0249963810108378
"487",2016-12-07,0.0273855672075827
"488",2016-12-08,0.0305116709650571
"489",2016-12-09,0.0314016083351003
"490",2016-12-12,0.0269350642626656
"491",2016-12-13,0.0131952904188325
"492",2016-12-14,0.0384715281437697
"493",2016-12-15,0.0179893623079503
"494",2016-12-16,0.0521389735998505
"495",2016-12-19,0.0210397955898187
"496",2016-12-20,0.038200104395532
"497",2016-12-21,0.0512508515876724
"498",2016-12-22,0.0449469053668592
"499",2016-12-23,0.0127791185759532
"500",2016-12-27,0.0120156289409827
"501",2016-12-28,0.0712664101335507
"502",2016-12-29,0.0232964592099426
"503",2016-12-30,0.043000657627401
"504",2017-01-03,0.0453250465252929
"505",2017-01-04,0.0145121607795981
"506",2017-01-05,0.0308428457107418
"507",2017-01-06,0.0316805754429838
"508",2017-01-09,0.0263416117685023
"509",2017-01-10,0.0195015240774421
"510",2017-01-11,0.0544748651993913
"511",2017-01-12,0.0400782235674105
"512",2017-01-13,0.016870128303485
"513",2017-01-17,0.0745443040637788
"514",2017-01-18,0.059383203908089
"515",2017-01-19,0.0305283397961748
"516",2017-01-20,0.11969966661023
"517",2017-01-23,0.136079162385055
"518",2017-01-24,0.0446773027383224
"519",2017-01-25,0.0284015002839442
"520",2017-01-26,0.0566717785315973
"521",2017-01-27,0.0535788391661935
"522",2017-01-30,0.0402489575774007
"523",2017-01-31,0.0698904990070086
"524",2017-02-01,0.0352516833689888
"525",2017-02-02,0.0540876622680202
"526",2017-02-03,0.0360613086691009
"527",2017-02-06,0.0187626914156617
"528",2017-02-07,0.0481117112687678
"529",2017-02-08,0.0900865268103651
"530",2017-02-09,0.0256139281323344
"531",2017-02-10,0.0240010825243069
"532",2017-02-13,0.0472160491032607
"533",2017-02-14,0.0171966854619481
"534",2017-02-15,0.0946376776145706
"535",2017-02-16,0.0490105532366636
"536",2017-02-17,0.0375429230799372
"537",2017-02-21,0.0185886613205579
"538",2017-02-22,0.0216327455325538
"539",2017-02-23,0.0973075541609701
"540",2017-02-24,0.0227998800099269
"541",2017-02-27,0.0428100272664807
"542",2017-02-28,0.129716971951961
"543",2017-03-01,0.01758775193378
"544",2017-03-02,0.0734911324096852
"545",2017-03-03,0.0646344489998924
"546",2017-03-06,0.0220370318237697
"547",2017-03-07,0.0194430321874048
"548",2017-03-08,0.0386676599241588
"549",2017-03-09,0.0312225289714303
"550",2017-03-10,0.017580529139173
"551",2017-03-13,0.0241226447374122
"552",2017-03-14,0.0198288279011927
"553",2017-03-15,0.0201471230312918
"554",2017-03-16,0.0238882151746955
"555",2017-03-17,0.0659794191803931
"556",2017-03-20,0.0178852060481473
"557",2017-03-21,0.0598577719261874
"558",2017-03-22,0.0731139454890953
"559",2017-03-23,0.046279095219968
"560",2017-03-24,0.0151639412153539
"561",2017-03-27,0.020943102193618
"562",2017-03-28,0.00594358370710776
"563",2017-03-29,0.0183807397499048
"564",2017-03-30,0.0187109210449608
"565",2017-03-31,0.0203977262175457
"566",2017-04-03,0.0342332584536615
"567",2017-04-04,0.072703609978337
"568",2017-04-05,0.0290650137697348
"569",2017-04-06,0.0656212053584729
"570",2017-04-07,0.018428850764122
"571",2017-04-10,0.0315578404077122
"572",2017-04-11,0.0209179347953761
"573",2017-04-12,0.0392090848319758
"574",2017-04-13,0.0359033377202816
"575",2017-04-17,0.0416082854867877
"576",2017-04-18,0.0483063211836704
"577",2017-04-19,0.0504116105257018
"578",2017-04-20,0.0419361392368681
"579",2017-04-21,0.0242537500118511
"580",2017-04-24,0.0178345335863587
"581",2017-04-25,0.0269728545719143
"582",2017-04-26,0.0298884202349886
"583",2017-04-27,0.0204269109718106
"584",2017-04-28,0.0347955179865309
"585",2017-05-01,0.0217765480355427
"586",2017-05-02,0.277455540667949
"587",2017-05-03,0.0398736325832131
"588",2017-05-04,0.0513238386669264
"589",2017-05-05,0.0254710010162896
"590",2017-05-08,0.0428588328086446
"591",2017-05-09,0.0197500581810151
"592",2017-05-10,0.0462407301161676
"593",2017-05-11,0.0410645444775452
"594",2017-05-12,0.0269389407330871
"595",2017-05-15,0.0278779868382831
"596",2017-05-16,0.0200801921955957
"597",2017-05-17,0.129617493303386
"598",2017-05-18,0.0748816280329796
"599",2017-05-19,0.0150926975657094
"600",2017-05-22,0.0329651230250352
"601",2017-05-23,0.0211336392666758
"602",2017-05-24,0.0307071181486369
"603",2017-05-25,0.035328555250853
"604",2017-05-26,0.0216387993062517
"605",2017-05-30,0.0231258231471618
"606",2017-05-31,0.0333302268854145
"607",2017-06-01,0.0235092201353867
"608",2017-06-02,0.0190724148913634
"609",2017-06-05,0.0486446399240623
"610",2017-06-06,0.023419138257158
"611",2017-06-07,0.0209003289207262
"612",2017-06-08,0.0246745217978712
"613",2017-06-09,0.0668336508968107
"614",2017-06-12,0.0425953619854822
"615",2017-06-13,0.0175471357419566
"616",2017-06-14,0.0219933093878844
"617",2017-06-15,0.0423642946744675
"618",2017-06-16,0.0746378333735484
"619",2017-06-19,0.0172550676809981
"620",2017-06-20,0.0343141107905477
"621",2017-06-21,0.0339208804407241
"622",2017-06-22,0.0403762772549326
"623",2017-06-23,0.0294043081689899
"624",2017-06-26,0.0160875469074014
"625",2017-06-27,0.0495006437730306
"626",2017-06-28,0.015627496048778
"627",2017-06-29,0.0487901641694321
"628",2017-06-30,0.01555340034537
"629",2017-07-03,0.0368493984883007
"630",2017-07-05,0.0751555849275029
"631",2017-07-06,0.0574443825053556
"632",2017-07-07,0.0191522244125801
"633",2017-07-10,0.0282732743476559
"634",2017-07-11,0.0123859818191573
"635",2017-07-12,0.0114994855388926
"636",2017-07-13,0.0546505497590794
"637",2017-07-14,0.0167934317289703
"638",2017-07-17,0.0317766425461847
"639",2017-07-18,0.0262957771869276
"640",2017-07-19,0.0429210739050625
"641",2017-07-20,0.0571814366675564
"642",2017-07-21,0.0296599687409013
"643",2017-07-24,0.0210349561193971
"644",2017-07-25,0.0518448299139574
"645",2017-07-26,0.0447063243485227
"646",2017-07-27,0.0443285871072304
"647",2017-07-28,0.0997276673374195
"648",2017-07-31,0.0352330310592066
"649",2017-08-01,0.0344959856625966
"650",2017-08-02,0.0251121024603714
"651",2017-08-03,0.0363409240352733
"652",2017-08-04,0.0164037968567052
"653",2017-08-07,0.0247502705968027
"654",2017-08-08,0.0241157127595377
"655",2017-08-09,0.0719253992107258
"656",2017-08-10,0.0569291979863768
"657",2017-08-11,0.054768882384188
"658",2017-08-14,0.00580163877171239
"659",2017-08-15,0.0450016452753768
"660",2017-08-16,0.0304117004180234
"661",2017-08-17,0.0410281266174486
"662",2017-08-18,0.04466533709974
"663",2017-08-21,0.0280179419711714
"664",2017-08-22,0.0212979372975542
"665",2017-08-23,0.037765664626687
"666",2017-08-24,0.0517656155829236
"667",2017-08-25,0.0377961535869774
"668",2017-08-28,0.0162209558235387
"669",2017-08-29,0.0187869511983517
"670",2017-08-30,0.00999229158854894
"671",2017-08-31,0.0235762770278219
"672",2017-09-01,0.0155200102846152
"673",2017-09-05,0.0585861835887245
"674",2017-09-06,0.0145798988875061
"675",2017-09-07,0.0644575625454374
"676",2017-09-08,0.0305489993716638
"677",2017-09-11,0.0307294635459007
"678",2017-09-12,0.0327217073521835
"679",2017-09-13,0.0164239283414941
"680",2017-09-14,0.0262982169918789
"681",2017-09-15,0.0798217085473888
"682",2017-09-18,0.0237431150435817
"683",2017-09-19,0.0265282958230754
"684",2017-09-20,0.0433261833240538
"685",2017-09-21,0.0277159045239728
"686",2017-09-22,0.0429013077937735
"687",2017-09-25,0.05327388525088
"688",2017-09-26,0.0187983248842039
"689",2017-09-27,0.0227190341628981
"690",2017-09-28,0.035811278409859
"691",2017-09-29,0.014931422263528
"692",2017-10-02,0.0242226989080323
"693",2017-10-03,0.0214975424463549
"694",2017-10-04,0.0129871668503403
"695",2017-10-05,0.0146260429285329
"696",2017-10-06,0.0615940641195536
"697",2017-10-09,0.0401559459564509
"698",2017-10-10,0.0144971980830064
"699",2017-10-11,0.0174804704399018
"700",2017-10-12,0.0629512404563112
"701",2017-10-13,0.0279173323742568
"702",2017-10-16,0.02543954408957
"703",2017-10-17,0.0264174526531828
"704",2017-10-18,0.0199490343465636
"705",2017-10-19,0.0395229534672764
"706",2017-10-20,0.0371483559285991
"707",2017-10-23,0.0654621614065506
"708",2017-10-24,0.0302923262943076
"709",2017-10-25,0.144721589538407
"710",2017-10-26,0.0866239823191202
"711",2017-10-27,0.0624007261658564
"712",2017-10-30,0.0836386925109904
"713",2017-10-31,0.0691105277730858
"714",2017-11-01,0.0320279603330923
"715",2017-11-02,0.0703775703514192
"716",2017-11-03,0.0469451913639133
"717",2017-11-06,0.0589073556499013
"718",2017-11-07,0.145253627506853
"719",2017-11-08,0.028621482327038
"720",2017-11-09,0.0516978887871898
"721",2017-11-10,0.0302083758800123
"722",2017-11-13,0.0744459155310342
"723",2017-11-14,0.0606903540303291
"724",2017-11-15,0.103900809741817
"725",2017-11-16,0.0178222209015832
"726",2017-11-17,0.0248544816386652
"727",2017-11-20,0.0202318265420938
"728",2017-11-21,0.0109442766060591
"729",2017-11-22,0.0182725573162425
"730",2017-11-24,0.0284045021396065
"731",2017-11-27,0.0262988354680876
"732",2017-11-28,0.0334538238866933
"733",2017-11-29,0.0702275947659611
"734",2017-11-30,0.0292831907446893
"735",2017-12-01,0.0232221681856421
"736",2017-12-04,0.067462954668763
"737",2017-12-05,0.027595569801843
"738",2017-12-06,0.0463599818720095
"739",2017-12-07,0.0204756472205678
"740",2017-12-08,0.0152934932938565
"741",2017-12-11,0.0131232517000407
"742",2017-12-12,0.0259236850097915
"743",2017-12-13,0.0247214549687664
"744",2017-12-14,0.0296868611033564
"745",2017-12-15,0.0383842437879613
"746",2017-12-18,0.0194825367769255
"747",2017-12-19,0.0231960634964394
"748",2017-12-20,0.0352994425793425
"749",2017-12-21,0.0169639990163861
"750",2017-12-22,0.032667393831653
"751",2017-12-26,0.0256972757378831
"752",2017-12-27,0.0212284200140789
"753",2017-12-28,0.0161451387869037
"754",2017-12-29,0.0259255998950566
"755",2018-01-02,0.0193162003932324
"756",2018-01-03,0.034527369978735
"757",2018-01-04,0.0531700782682532
"758",2018-01-05,0.0200006667066694
"759",2018-01-08,0.0175091071533543
"760",2018-01-09,0.0381789107410442
"761",2018-01-10,0.0264128264998878
"762",2018-01-11,0.0193710656138596
"763",2018-01-12,0.0457671472217962
"764",2018-01-16,0.0471040065561946
"765",2018-01-17,0.0728169679253549
"766",2018-01-18,0.044868017795822
"767",2018-01-19,0.0407308473497079
"768",2018-01-22,0.0161972509823342
"769",2018-01-23,0.0435285944268667
"770",2018-01-24,0.0888253074447097
"771",2018-01-25,0.0552562091740187
"772",2018-01-26,0.0497219149150781
"773",2018-01-29,0.0465608911892733
"774",2018-01-30,0.089755817899955
"775",2018-01-31,0.0554039159912175
"776",2018-02-01,0.0845849407365838
"777",2018-02-02,0.0622769295215147
"778",2018-02-05,0.0967784024256663
"779",2018-02-06,0.0311362732407281
"780",2018-02-07,0.0374352096473852
"781",2018-02-08,0.0902419017732023
"782",2018-02-09,0.0268018085427796
"783",2018-02-12,0.0184117372855509
"784",2018-02-13,0.0186526177863713
"785",2018-02-14,0.0273915249460317
"786",2018-02-15,0.0198686607162257
"787",2018-02-16,0.030822931515228
"788",2018-02-20,0.107398582939708
"789",2018-02-21,0.0308632664638725
"790",2018-02-22,0.0194304883583133
"791",2018-02-23,0.00893169786630946
"792",2018-02-26,0.0194728981185821
"793",2018-02-27,0.0766377482934305
"794",2018-02-28,0.0669146438726576
"795",2018-03-01,0.0412955570465133
"796",2018-03-02,0.0488960965643846
"797",2018-03-05,0.0156275112490724
"798",2018-03-06,0.0456078223194238
"799",2018-03-07,0.0446512298667071
"800",2018-03-08,0.0238005284654062
"801",2018-03-09,0.0228146777661715
"802",2018-03-12,0.0310715750298816
"803",2018-03-13,0.0507822752383459
"804",2018-03-14,0.0455147602182655
"805",2018-03-15,0.0342959337129811
"806",2018-03-16,0.0493375026251376
"807",2018-03-19,0.0700971811667876
"808",2018-03-20,0.0990708920171111
"809",2018-03-21,0.0277143254312822
"810",2018-03-22,0.136521305542843
"811",2018-03-23,0.0481772297861162
"812",2018-03-26,0.0226221126030776
"813",2018-03-27,0.085762912797246
"814",2018-03-28,0.0797502465043633
"815",2018-03-29,0.0318679462047377
"816",2018-04-02,0.0625947663668745
"817",2018-04-03,0.0168978884872793
"818",2018-04-04,0.0110747241274495
"819",2018-04-05,0.0217157003625899
"820",2018-04-06,0.043731290184422
"821",2018-04-09,0.0345895685125357
"822",2018-04-10,0.0412760975332448
"823",2018-04-11,0.0261990468685025
"824",2018-04-12,0.0243151241213834
"825",2018-04-13,0.0349490535721333
"826",2018-04-16,0.0811231404831241
"827",2018-04-17,0.0319396105461346
"828",2018-04-18,0.0783092383954277
"829",2018-04-19,0.169315058360309
"830",2018-04-20,0.0418352623089021
"831",2018-04-23,0.0280932596067124
"832",2018-04-24,0.0707712308867842
"833",2018-04-25,0.0490159739003827
"834",2018-04-26,0.0615128107892159
"835",2018-04-27,0.124188746327737
"836",2018-04-30,0.0641665991779553
"837",2018-05-01,0.0393503979131853
"838",2018-05-02,0.081513854323499
"839",2018-05-03,0.0572654990898275
"840",2018-05-04,0.00498427746520909
"841",2018-05-07,0.0245061549649556
"842",2018-05-08,0.057176544146699
"843",2018-05-09,0.0317562237198673
"844",2018-05-10,0.0485928329553455
"845",2018-05-11,0.0219253975747792
"846",2018-05-14,0.0306585740262704
"847",2018-05-15,0.0391330139914464
"848",2018-05-16,0.0126080255893199
"849",2018-05-17,0.0383707874628419
"850",2018-05-18,0.0275064370234663
"851",2018-05-21,0.0134896403632096
"852",2018-05-22,0.0338906429219519
"853",2018-05-23,0.0753665473204237
"854",2018-05-24,0.0272457453523255
"855",2018-05-25,0.0445114701796743
"856",2018-05-29,0.0592578720296197
"857",2018-05-30,0.00513497361046822
"858",2018-05-31,0.0403124642973588
"859",2018-06-01,0.0172461919870264
"860",2018-06-04,0.0321312775682052
"861",2018-06-05,0.0202093432941066
"862",2018-06-06,0.0217738132219698
"863",2018-06-07,0.0510582096720118
"864",2018-06-08,0.0256782197294935
"865",2018-06-11,0.0144307747849096
"866",2018-06-12,0.0159923299593463
"867",2018-06-13,0.0640147089643871
"868",2018-06-14,0.0503450890329183
"869",2018-06-15,0.0415071349004855
"870",2018-06-18,0.0391262347385404
"871",2018-06-19,0.0505513371323354
"872",2018-06-20,0.0774885197573715
"873",2018-06-21,0.0541008511066697
"874",2018-06-22,0.0407608308865199
"875",2018-06-25,0.0669203582977608
"876",2018-06-26,0.0229407118337623
"877",2018-06-27,0.0347918254936639
"878",2018-06-28,0.104254389906897
"879",2018-06-29,0.0280298123151746
"880",2018-07-02,0.0232452289118668
"881",2018-07-03,0.074996722146095
"882",2018-07-05,0.0152430144445725
"883",2018-07-06,0.00788509734814399
"884",2018-07-09,0.03719390361062
"885",2018-07-10,0.015338636361657
"886",2018-07-11,0.0400466008803002
"887",2018-07-12,0.147858244766931
"888",2018-07-13,0.0437485116136237
"889",2018-07-16,0.027888687561408
"890",2018-07-17,0.0538619316387928
"891",2018-07-18,0.0234285268515483
"892",2018-07-19,0.0537177955401822
"893",2018-07-20,0.0454454283544277
"894",2018-07-23,0.0336618577099585
"895",2018-07-24,0.0286168072826323
"896",2018-07-25,0.0474612071985296
"897",2018-07-26,0.21023870122441
"898",2018-07-27,0.0898038948613031
"899",2018-07-30,0.0586980436957431
"900",2018-07-31,0.0577644010115654
"901",2018-08-01,0.047473300318474
"902",2018-08-02,0.0242779445615066
"903",2018-08-03,0.0277565465697362
"904",2018-08-06,0.0388042583986228
"905",2018-08-07,0.031396468117381
"906",2018-08-08,0.0458604939926912
"907",2018-08-09,0.0514786081727116
"908",2018-08-10,0.0378782541040392
"909",2018-08-13,0.0291687345906568
"910",2018-08-14,0.0249143049622216
"911",2018-08-15,0.0618901762424147
"912",2018-08-16,0.0272721193449224
"913",2018-08-17,0.0935231041252839
"914",2018-08-20,0.0190874819348007
"915",2018-08-21,0.0246099643106712
"916",2018-08-22,0.0217926047605292
"917",2018-08-23,0.0232125362829711
"918",2018-08-24,0.0324699590188857
"919",2018-08-27,0.0195290647064223
"920",2018-08-28,0.0234827232678954
"921",2018-08-29,0.0222098222343951
"922",2018-08-30,0.0274546984644099
"923",2018-08-31,0.0229415692424066
"924",2018-09-04,0.0430469286425446
"925",2018-09-05,0.0636442020696297
"926",2018-09-06,0.0342795021641314
"927",2018-09-07,0.0651105159821418
"928",2018-09-10,0.0323885352501169
"929",2018-09-11,0.034072101022184
"930",2018-09-12,0.0254161580833762
"931",2018-09-13,0.0552062014784026
"932",2018-09-14,0.0247154042245292
"933",2018-09-17,0.0397584695272875
"934",2018-09-18,0.0569214953078651
"935",2018-09-19,0.0249276148268113
"936",2018-09-20,0.0315982453826153
"937",2018-09-21,0.0235495720591479
"938",2018-09-24,0.0617631571748472
"939",2018-09-25,0.0408575020001673
"940",2018-09-26,0.0199280270079247
"941",2018-09-27,0.0170256457421069
"942",2018-09-28,0.149678603813786
"943",2018-10-01,0.0179223910135312
"944",2018-10-02,0.0794593853714333
"945",2018-10-03,0.0242726624964287
"946",2018-10-04,0.0449930709922499
"947",2018-10-05,0.0731504964776174
"948",2018-10-08,0.044455213964178
"949",2018-10-09,0.0478416477300534
"950",2018-10-10,0.08755581969501
"951",2018-10-11,0.0753758288730229
"952",2018-10-12,0.0319515570678951
"953",2018-10-15,0.0463229732309641
"954",2018-10-16,0.0453763184132907
"955",2018-10-17,0.079348128156579
"956",2018-10-18,0.0508466405260904
"957",2018-10-19,0.117876991982464
"958",2018-10-22,0.0650542698377288
"959",2018-10-23,0.0786064290730324
"960",2018-10-24,0.1030711130074
"961",2018-10-25,0.167772404710211
"962",2018-10-26,0.0889475427379951
"963",2018-10-29,0.0681839994778529
"964",2018-10-30,0.0919109271332929
"965",2018-10-31,0.0550702674791753
"966",2018-11-01,0.0528578323481255
"967",2018-11-02,0.102399323114641
"968",2018-11-05,0.0287990182541546
"969",2018-11-06,0.03925700326188
"970",2018-11-07,0.0236315801125265
"971",2018-11-08,0.0851578097465541
"972",2018-11-09,0.0588405000229335
"973",2018-11-12,0.0999333034090605
"974",2018-11-13,0.0231905720213535
"975",2018-11-14,0.0342620148260333
"976",2018-11-15,0.031279385376815
"977",2018-11-16,0.207711630004903
"978",2018-11-19,0.127822293079174
"979",2018-11-20,0.119471722844876
"980",2018-11-21,0.030927384988922
"981",2018-11-23,0.0372320947644952
"982",2018-11-26,0.00953906045525968
"983",2018-11-27,0.0422946995796787
"984",2018-11-28,0.0120412992287751
"985",2018-11-29,0.0334032391328096
"986",2018-11-30,0.0570102654573338
"987",2018-12-03,0.0361342539241278
"988",2018-12-04,0.115676351714472
"989",2018-12-06,0.0433893900255009
"990",2018-12-07,0.0903460003966253
"991",2018-12-10,0.0429159291209887
"992",2018-12-11,0.024836936133952
"993",2018-12-12,0.0275641572872293
"994",2018-12-13,0.0307410912018145
"995",2018-12-14,0.105781452615343
"996",2018-12-17,0.0552683890613856
"997",2018-12-18,0.0796231089955006
"998",2018-12-19,0.129670343075365
"999",2018-12-20,0.0542741507084477
"1000",2018-12-21,0.0654384552326538
"1001",2018-12-24,0.0793055002303417
"1002",2018-12-26,-0.0130852395486555
"1003",2018-12-27,0.0310198499752244
"1004",2018-12-28,0.0182173861884355
"1005",2018-12-31,0.02069931601315
"1006",2019-01-02,0.0705823434254269
"1007",2019-01-03,0.150153361557759
"1008",2019-01-04,-0.00248712150790946
"1009",2019-01-07,0.0666209504510278
"1010",2019-01-08,0.0252104733247535
"1011",2019-01-09,0.0384538018024928
"1012",2019-01-10,0.0288661977981585
"1013",2019-01-11,0.0230785645016183
"1014",2019-01-14,0.0410295718370848
"1015",2019-01-15,0.0277820046872418
"1016",2019-01-16,0.0642369075023486
"1017",2019-01-17,0.0450548040191443
"1018",2019-01-18,0.13893011901264
"1019",2019-01-22,0.0716429762463004
"1020",2019-01-23,0.0643787241574229
"1021",2019-01-24,0.0336685452729895
"1022",2019-01-25,0.064196970238617
"1023",2019-01-28,0.148784708785456
"1024",2019-01-29,0.0475590376350527
"1025",2019-01-30,0.0442889222605292
"1026",2019-01-31,0.0404072632047172
"1027",2019-02-01,0.0553211928026957
"1028",2019-02-04,0.0247764797717215
"1029",2019-02-05,0.037579733349849
"1030",2019-02-06,0.0272082126508643
"1031",2019-02-07,0.0481596290535315
"1032",2019-02-08,0.0267486509976806
"1033",2019-02-11,0.0187378187637874
"1034",2019-02-12,0.0333815526011189
"1035",2019-02-13,0.0230431757504166
"1036",2019-02-14,0.094654014412673
"1037",2019-02-15,0.0254404722378112
"1038",2019-02-19,0.0123558551802163
"1039",2019-02-20,0.0844647381022757
"1040",2019-02-21,0.0381663551871441
"1041",2019-02-22,0.321025499894603
"1042",2019-02-25,0.0208160447500283
"1043",2019-02-26,0.0329651532182721
"1044",2019-02-27,0.0502971508164406
"1045",2019-02-28,0.116121225268862
"1046",2019-03-01,0.0816827053180183
"1047",2019-03-04,0.0420245176835096
"1048",2019-03-05,0.0483567062284239
"1049",2019-03-06,0.0821515134433983
"1050",2019-03-07,0.0308410864240269
"1051",2019-03-08,0.0377912275653938
"1052",2019-03-11,0.054794566376985
"1053",2019-03-12,0.0634707990896976
"1054",2019-03-13,0.0156655501827751
"1055",2019-03-14,0.0242435688383923
"1056",2019-03-15,0.0514094868527163
"1057",2019-03-18,0.0337602596280498
"1058",2019-03-19,0.0335821943101852
"1059",2019-03-20,0.0375524775830955
"1060",2019-03-21,0.0169744934090344
"1061",2019-03-22,0.0684168026161415
"1062",2019-03-25,0.0323256086142615
"1063",2019-03-26,0.0172408839450532
"1064",2019-03-27,0.0316357738447214
"1065",2019-03-28,0.043715794389838
"1066",2019-03-29,0.0170343111385141
"1067",2019-04-01,0.0233601662872787
"1068",2019-04-02,0.137025115310384
"1069",2019-04-03,0.0489842031065583
"1070",2019-04-04,0.0859372136963594
"1071",2019-04-05,0.042246504182437
"1072",2019-04-08,0.0533460320238371
"1073",2019-04-09,0.0462697189949201
"1074",2019-04-10,0.0195136189188164
"1075",2019-04-11,0.0440823311630049
"1076",2019-04-12,0.0532133077814255
"1077",2019-04-15,0.0389012484000606
"1078",2019-04-16,0.0410478443223114
"1079",2019-04-17,0.100093329981559
"1080",2019-04-18,0.0327483089107643
"1081",2019-04-22,0.0392207329146812
"1082",2019-04-23,0.0272522283632887
"1083",2019-04-24,0.0416660689631299
"1084",2019-04-25,0.138630579924332
"1085",2019-04-26,0.0942172345179476
"1086",2019-04-29,0.0254987542386107
"1087",2019-04-30,0.0800892767395472
"1088",2019-05-01,0.030127187794428
"1089",2019-05-02,0.063054972247244
"1090",2019-05-03,0.0135254918987724
"1091",2019-05-06,0.0287582368546379
"1092",2019-05-07,0.039438160255771
"1093",2019-05-08,0.0248708762993215
"1094",2019-05-09,0.0546767297760468
"1095",2019-05-10,0.0177939254833386
"1096",2019-05-13,0.0634899175243416
"1097",2019-05-14,0.0172086513835646
"1098",2019-05-15,0.0367519075025933
"1099",2019-05-16,0.0408172115114786
"1100",2019-05-17,0.0787916237898749
"1101",2019-05-20,0.061744841820047
"1102",2019-05-21,0.0146682889601511
"1103",2019-05-22,0.126075611948947
"1104",2019-05-23,0.0579517339989162
"1105",2019-05-24,0.030492478945001
"1106",2019-05-28,0.0681667193229762
"1107",2019-05-29,0.0427785404862041
"1108",2019-05-30,0.0456570023373951
"1109",2019-05-31,0.0446198137330197
"1110",2019-06-03,0.0780209787855619
"1111",2019-06-04,0.0061346851240413
"1112",2019-06-05,0.0347770629239269
"1113",2019-06-06,0.0183026651904003
"1114",2019-06-07,0.0213973422941258
"1115",2019-06-10,0.0540156200454439
"1116",2019-06-11,0.0404119919101348
"1117",2019-06-12,0.0367805320067629
"1118",2019-06-13,0.0301264572627433
"1119",2019-06-14,0.057289991819724
"1120",2019-06-17,0.0389572419446943
"1121",2019-06-18,0.0162866078598389
"1122",2019-06-19,0.0252488910929316
"1123",2019-06-20,0.0305370668995801
"1124",2019-06-21,0.0460084814144784
"1125",2019-06-24,0.077074545753456
"1126",2019-06-25,0.17736256110966
"1127",2019-06-26,0.0354691353757863
"1128",2019-06-27,0.0295572375390909
"1129",2019-06-28,0.0319324473983479
"1130",2019-07-01,0.0209593609111926
"1131",2019-07-02,0.0351487270815259
"1132",2019-07-03,0.0359901376683629
"1133",2019-07-05,0.0266322065271916
"1134",2019-07-08,0.0342655732659324
"1135",2019-07-09,0.0258981930648879
"1136",2019-07-10,0.0290259849924304
"1137",2019-07-11,0.046082169845313
"1138",2019-07-12,0.0423517096531487
"1139",2019-07-15,0.0181362049669497
"1140",2019-07-16,0.0306512426913917
"1141",2019-07-17,0.0624282217662541
"1142",2019-07-18,0.108387849038063
"1143",2019-07-19,0.0328195504884272
"1144",2019-07-22,0.0203334405758175
"1145",2019-07-23,0.0243897476500464
"1146",2019-07-24,0.0458582016774898
"1147",2019-07-25,0.146341221991429
"1148",2019-07-26,0.0332429285456984
"1149",2019-07-29,0.0388030622155642
"1150",2019-07-30,0.0663254188253031
"1151",2019-07-31,0.106443610308399
"1152",2019-08-01,0.0456830100992384
"1153",2019-08-02,0.0404322965045153
"1154",2019-08-05,0.0666957309004878
"1155",2019-08-06,0.0277347988667048
"1156",2019-08-07,0.0506738993588275
"1157",2019-08-08,0.0897539599191711
"1158",2019-08-09,0.0628861779966298
"1159",2019-08-12,0.0528492540836647
"1160",2019-08-13,0.0255450374065114
"1161",2019-08-14,0.0676867780177845
"1162",2019-08-15,0.119861547452147
"1163",2019-08-16,0.00979556745157941
"1164",2019-08-19,0.0137459064871035
"1165",2019-08-20,0.0549935322707564
"1166",2019-08-21,0.0266037757530713
"1167",2019-08-22,0.0313153010431565
"1168",2019-08-23,0.0768606988351621
"1169",2019-08-26,0.0439202127331254
"1170",2019-08-27,0.0807506160726949
"1171",2019-08-28,0.0256146366392948
"1172",2019-08-29,0.0355197836280327
"1173",2019-08-30,0.0117216093620496
"1174",2019-09-03,0.0346688392954562
"1175",2019-09-04,0.0194311794782439
"1176",2019-09-05,0.0230446581707399
"1177",2019-09-06,0.0302956142557813
"1178",2019-09-09,0.0428876096439482
"1179",2019-09-10,0.0397036026196271
"1180",2019-09-11,0.0214747246741741
"1181",2019-09-12,0.0440134399353426
"1182",2019-09-13,0.0566822484703454
"1183",2019-09-16,0.0433879541986608
"1184",2019-09-17,0.0434701056757674
"1185",2019-09-18,0.138340554896259
"1186",2019-09-19,0.0259177774279853
"1187",2019-09-20,0.0568916504480725
"1188",2019-09-23,0.0211249223106685
"1189",2019-09-24,0.0776378426381355
"1190",2019-09-25,0.0234386057759202
"1191",2019-09-26,0.0307296286152607
"1192",2019-09-27,0.0460810353888107
"1193",2019-09-30,0.0160170900515011
"1194",2019-10-01,0.102363544955484
"1195",2019-10-02,0.0404067110701846
"1196",2019-10-03,0.0424291827886757
"1197",2019-10-04,0.0162040874262522
"1198",2019-10-07,0.0191930922310526
"1199",2019-10-08,0.0614355274733173
"1200",2019-10-09,0.0200726499525959
"1201",2019-10-10,0.0148405344437116
"1202",2019-10-11,0.0140823670558006
"1203",2019-10-14,0.0157235651156453
"1204",2019-10-15,0.0240264961112073
"1205",2019-10-16,0.0467629103557945
"1206",2019-10-17,0.0568232687356732
"1207",2019-10-18,0.0703175696557605
"1208",2019-10-21,0.0383420355825799
"1209",2019-10-22,0.0517323092536908
"1210",2019-10-23,0.07777034601292
"1211",2019-10-24,0.0685276470077536
"1212",2019-10-25,0.0414535070136142
"1213",2019-10-28,0.0277028526060236
"1214",2019-10-29,0.035690943399329
"1215",2019-10-30,0.0365687581824753
"1216",2019-10-31,0.0257865086768838
"1217",2019-11-01,0.0264397655755731
"1218",2019-11-04,0.0395210973219638
"1219",2019-11-05,0.0274367870199635
"1220",2019-11-06,0.0285022937068692
"1221",2019-11-07,0.0840261362227296
"1222",2019-11-08,0.0311613057646528
"1223",2019-11-11,0.0264729519333841
"1224",2019-11-12,0.0278910528525132
"1225",2019-11-13,0.0369532945014978
"1226",2019-11-14,0.0760782076531572
"1227",2019-11-15,0.027056039725972
"1228",2019-11-18,0.0269698640754195
"1229",2019-11-19,0.0559204222332933
"1230",2019-11-20,0.0307029977836875
"1231",2019-11-21,0.0362772699310865
"1232",2019-11-22,0.0633761695483846
"1233",2019-11-25,0.0329014600090623
"1234",2019-11-26,0.0223080534616139
"1235",2019-11-27,0.0198820962308779
"1236",2019-11-29,0.0169070449349412
"1237",2019-12-02,0.0351687875805564
"1238",2019-12-03,0.0445783291169084
"1239",2019-12-04,0.0323299477883847
"1240",2019-12-05,0.0180323538597695
"1241",2019-12-06,0.00992800812519258
"1242",2019-12-09,0.0243485108059918
"1243",2019-12-10,0.031499213042991
"1244",2019-12-11,0.0247261554921313
"1245",2019-12-12,0.0276200864558549
"1246",2019-12-13,0.0384985044277421
"1247",2019-12-16,0.0438852261055245
"1248",2019-12-17,0.0215304016199672
"1249",2019-12-18,0.105680465827974
"1250",2019-12-19,0.0143768547843544
"1251",2019-12-20,0.0166292569715347
"1252",2019-12-23,0.0163247220590722
"1253",2019-12-24,0.024944827230904
"1254",2019-12-26,0.011004701703806
"1255",2019-12-27,0.0106995187275085
"1256",2019-12-30,0.0371131252042325
"1257",2019-12-31,0.00714331774548357
